product_name,ai_ingredients_JSON_fixed
Gold Standard 100% Whey Extreme Milk Chocolate,"[
  ""Protein Blend"",
  ""Whey Protein Isolate MILK"",
  ""Whey Protein Concentrate MILK"",
  ""Whey Peptides MILK"",
  ""Soy Lecithin"",
  ""Cocoa Powder"",
  ""Flavors"",
  ""Creamer MILK"",
  ""Salt"",
  ""Sweeteners 950"",
  ""Sweeteners 955""
]"
"OPTIMUM NUTRITION Serious Mass Protein Powder Gainer, Chocolate","[
  ""Maltodextrin"",
  ""Whey Protein Concentrate"",
  ""Cocoa (Processed with Alkali)"",
  ""Natural Flavor"",
  ""Artificial Flavor"",
  ""Sunflower Lecithin"",
  ""Soy Lecithin"",
  ""Acesulfame Potassium"",
  ""Sucralose"",
  ""Gluten"",
  ""Milk"",
  ""Nuts"",
  ""Peanuts"",
  ""Soybeans""
]"
"OPTIMUM NUTRITION Gold Standard 100% Isolate Protein Powder, Chocolate Flavour","[
  ""Hydrolysed Whey Protein Isolate"",
  ""Whey Protein Isolate"",
  ""Soy Lecithin"",
  ""Cocoa (Processed with Alkali)"",
  ""Flavors"",
  ""Sodium Chloride"",
  ""Sweeteners 955""
]"
"OPTIMUM NUTRITION Gold Standard 100% Whey Protein Powder, Vanilla Ice Cream","[
  ""Protein Blend"",
  ""Whey Protein Isolate"",
  ""Whey Protein Concentrate"",
  ""Whey Peptides"",
  ""Natural Flavor"",
  ""Artificial Flavor"",
  ""Lecithin"",
  ""Cellulose Gum"",
  ""Xanthan Gum"",
  ""Salt"",
  ""Sucralose"",
  ""Acesulfame Potassium"",
  ""Lactase"",
  ""Milk"",
  ""Soybeans""
]"
"OPTIMUM NUTRITION Micronized Creatine Powder, Unflavoured","[
  ""Creatine Monohydrate""
]"
Berocca Energy Multivitamin with B Vitamins,"[
  ""Vitamin B1"",
  ""Thiamine Hydrochloride"",
  ""Vitamin B2"",
  ""Riboflavin"",
  ""Vitamin B3"",
  ""Nicotinamide"",
  ""Vitamin B5"",
  ""Pantothenic Acid"",
  ""Calcium Pantothenate"",
  ""Vitamin B6"",
  ""Pyridoxine Hydrochloride"",
  ""Vitamin B12"",
  ""Cyanocobalamin"",
  ""Vitamin C"",
  ""Ascorbic Acid"",
  ""Vitamin H"",
  ""Biotin"",
  ""Folic Acid"",
  ""Calcium Carbonate"",
  ""Calcium Pantothenate"",
  ""Magnesium Carbonate Hydrate"",
  ""Magnesium Sulfate Dihydrate"",
  ""Zinc Citrate Trihydrate""
]"
"Swisse Ultiboost Iron, 30 Tablets","[
  ""Iron"",
  ""Iron Amino Acid Chelate"",
  ""Vitamin C"",
  ""Ascorbic Acid"",
  ""Calcium Ascorbate Dihydrate"",
  ""Vitamin B6"",
  ""Pyridoxine"",
  ""Pyridoxine Hydrochloride"",
  ""Betacarotene"",
  ""Organic Spirulina"",
  ""Arthrospira Platensis Cell Powder""
]"
Optiman Premium Shake For Him - Chocolate,"[
  ""Protein Blend"",
  ""Whey Protein Isolate"",
  ""Milk"",
  ""Soy Lecithin"",
  ""Milk Protein Concentrate"",
  ""Whey Protein Concentrate"",
  ""Soy"",
  ""Milk Solids"",
  ""Dietary Fibre"",
  ""Inulin"",
  ""Psyllium Husk"",
  ""OptiBiome"",
  ""Chicory Root Fibre"",
  ""Glucomannan"",
  ""Chromium Picolinate"",
  ""Medium Chain Triglycerides"",
  ""Cocoa Powder"",
  ""Calcium Phosphate"",
  ""Potassium Phosphate"",
  ""Magnesium Oxide"",
  ""Ferric Pyrophosphate"",
  ""Copper Sulphate"",
  ""Zinc"",
  ""Potassium Iodide"",
  ""Sodium Selenite"",
  ""Sodium Molybdate"",
  ""Chromium Chloride"",
  ""Manganese Sulphate"",
  ""Natural Flavouring"",
  ""Thickeners 415"",
  ""Thickeners 412"",
  ""Green Tea Extract"",
  ""Sweeteners 955"",
  ""Vitamin C"",
  ""Vitamin E"",
  ""Vitamin B3"",
  ""Vitamin A"",
  ""Vitamin B5"",
  ""Vitamin D3"",
  ""Vitamin B6"",
  ""Folic Acid"",
  ""Vitamin B2"",
  ""Vitamin B12"",
  ""Biotin"",
  ""Vitamin B1"",
  ""Maltodextrin""
]"
Dymatize ISO100 - Chocolate Peanut Butter,"[
  ""Hydrolyzed Whey Protein Isolate"",
  ""Whey Protein Isolate"",
  ""Cocoa Powder (Processed with Alkali)"",
  ""Salt"",
  ""Soy Lecithin"",
  ""Natural Flavor"",
  ""Artificial Flavor"",
  ""Potassium Chloride"",
  ""Sucralose"",
  ""Steviol Glycosides"",
  ""Stevia"",
  ""Milk"",
  ""Soybeans""
]"
Dymatize ISO100 - Vanilla,"[
  ""Hydrolyzed Whey Protein Isolate"",
  ""Whey Protein Isolate"",
  ""Natural Flavor"",
  ""Artificial Flavor"",
  ""Salt"",
  ""Soy Lecithin"",
  ""Sucralose"",
  ""Steviol Glycosides"",
  ""Stevia"",
  ""Milk"",
  ""Soybeans""
]
"
Dymatize ISO100 - Gourmet Chocolate,"[
  ""Hydrolyzed Whey Protein Isolate"",
  ""Whey Protein Isolate"",
  ""Natural Flavor"",
  ""Artificial Flavor"",
  ""Salt"",
  ""Soy Lecithin"",
  ""Sucralose"",
  ""Steviol Glycosides"",
  ""Stevia""
]
"
Amazonia Raw Protein Isolate Vanilla,"[
  ""Organic Sprouted Golden Pea Protein"",
  ""Organic Fermented Golden Pea Protein"",
  ""Organic Sprouted Brown Rice Protein"",
  ""Organic Pea Fibre"",
  ""Natural Flavours"",
  ""Organic Acacia Gum"",
  ""Organic Stevia Leaf Extract"",
  ""Digestive Enzyme"",
  ""Bromelain""
]
"
"BSN SYNTHA-6 Ultra Premium Protein Blend, Chocolate","[
  ""Whey Protein Concentrate"",
  ""Milk"",
  ""Whey Protein Isolate"",
  ""Calcium Caseinate"",
  ""Micellar Casein"",
  ""Milk Protein Isolate"",
  ""Egg Albumen"",
  ""Soy Lecithin"",
  ""Sunflower Oil"",
  ""Maltodextrin"",
  ""Sodium Caseinate"",
  ""Mono Glycerides"",
  ""Di Glycerides"",
  ""Tocopherols"",
  ""Tri Calcium Phosphate"",
  ""Polydextrose"",
  ""Fat Reduced Cocoa Powder"",
  ""Flavors"",
  ""Milk"",
  ""Medium Chain Triglycerides Powder"",
  ""Salt"",
  ""Thickeners 466"",
  ""Sweeteners 955"",
  ""Sweeteners 950""
]"
Muscle Nation Orange Mango Protein Water,"[
  ""Protein Water Blend"",
  ""Hydrolysed Bovine Collagen"",
  ""Whey Protein Isolate"",
  ""Milk"",
  ""Sunflower Lecithin"",
  ""Soy Lecithin"",
  ""Food Acids"",
  ""Citric Acid"",
  ""Malic Acid"",
  ""BCAA"",
  ""L Leucine"",
  ""L Isoleucine"",
  ""L Valine"",
  ""Flavour"",
  ""Electrolyte Blend"",
  ""Potassium Citrate"",
  ""Calcium Citrate"",
  ""Magnesium Citrate"",
  ""Sodium Chloride"",
  ""Sweeteners"",
  ""Sucralose"",
  ""Acesulfame Potassium"",
  ""Anticaking Agent"",
  ""Silica Dioxide"",
  ""Vitamin C"",
  ""Ascorbic Acid"",
  ""Colours"",
  ""Allura Red"",
  ""Tartrazine"",
  ""Sunset Yellow""
]
"
Muscle Nation Apple Blackcurrant Protein Water,"[
  ""Protein Water Blend"",
  ""Hydrolysed Bovine Collagen"",
  ""Whey Protein Isolate"",
  ""Whey Protein"",
  ""Milk"",
  ""Emulsifier"",
  ""Soy Lecithin"",
  ""Sunflower Lecithin"",
  ""Flavour"",
  ""Food Acids"",
  ""Malic Acid"",
  ""Citric Acid"",
  ""IBCAA 2 1 1"",
  ""L Leucine"",
  ""L Isoleucine"",
  ""L Valine"",
  ""Electrolyte Blend"",
  ""Potassium Citrate"",
  ""Magnesium Citrate"",
  ""Sodium Chloride"",
  ""Calcium Citrate"",
  ""Sweeteners"",
  ""Sucralose"",
  ""Acesulfame Potassium"",
  ""Vitamin C"",
  ""Ascorbic Acid"",
  ""Colours"",
  ""Allura Red AC"",
  ""Brilliant Blue FCF"",
  ""Milk"",
  ""Soy""
]"
Muscle Nation Mango Passionfruit Protein Water,"[
  ""Protein Water Blend"",
  ""Hydrolysed Bovine Collagen"",
  ""Whey Protein Isolate"",
  ""Whey Protein"",
  ""Milk"",
  ""Emulsifier"",
  ""Soy Lecithin"",
  ""Sunflower Lecithin"",
  ""Flavour"",
  ""Food Acids"",
  ""Citric Acid"",
  ""Malic Acid"",
  ""IBCAA 2 1 1"",
  ""L Leucine"",
  ""L Isoleucine"",
  ""L Valine"",
  ""Electrolyte Blend"",
  ""Potassium Citrate"",
  ""Magnesium Citrate"",
  ""Sodium Chloride"",
  ""Calcium Citrate"",
  ""Sweeteners"",
  ""Sucralose"",
  ""Acesulfame Potassium"",
  ""Vitamin C"",
  ""Ascorbic Acid"",
  ""Colours"",
  ""Tartrazine"",
  ""Sunset Yellow FCF"",
  ""Allura Red"",
  ""Milk"",
  ""Soy""
]"
JSHealth Pea Protein Powder with Probiotics and Collagen - Vanilla Cream Flavour,"[
  ""Vanilla Cream Pea Protein Isolate"",
  ""Hydrolysed Marine Collagen"",
  ""Natural Vanilla Flavour"",
  ""Natural Sweetener"",
  ""Thaumatin"",
  ""Katemfe Fruit Extract"",
  ""Probiotics"",
  ""Lactobacillus Rhamnosus GG""
]
"
"Pure Product Australia Whey Protein Isolate & Hydrolyzed 100% Premium Grass Fed Whey, 
CHOCOLATE","[
  ""Grass Feed Protein Whey"",
  ""Whey Protein Isolate"",
  ""Flavouring"",
  ""Natural Sweetener"",
  ""Steviol"",
  ""Lecithin"",
  ""Milk"",
  ""Soy Lecithin""
]
"
Pure Product Australia 100% Whey Protein Isolate & Concentrate CHOCOLATE,"[
  ""Ultra Filtered Whey Protein Isolate"",
  ""Ultra Filtered Whey Protein Concentrate"",
  ""Natural Flavour"",
  ""Pure Cocoa"",
  ""Natural Sweetener"",
  ""Lecithin""
]"
Pure Product Australia Pure Complete Whey Protein Blend WPI/WPC/Casein Powder VANILA,"[
  ""Micro Filtered Whey Protein Blend"",
  ""Whey Protein Isolate"",
  ""Whey Protein Concentrate"",
  ""Casein"",
  ""Flavouring"",
  ""Natural Sweetener"",
  ""Steviol"",
  ""Lecithin"",
  ""Milk"",
  ""Soy Lecithin""
]
"
PBfit 30 Ounce Classic Peanut Butter Powder,"[
  ""Peanut Flour"",
  ""Coconut Palm Sugar"",
  ""Salt"",
  ""Peanuts""
]
"
PBfit All-Natural Organic Peanut Butter Powder,"[
  ""Organic Peanuts"",
  ""Organic Coconut Palm Sugar"",
  ""Salt"",
  ""Peanuts"",
  ""Tree Nuts"",
  ""Coconut"",
  ""Nuts""
]"
"MuscleTech Whey Protein Powder, Nitro-Tech Whey Protein Isolate + Peptides, VANILLA","[
  ""Isolate Protein"",
  ""Peptide Blend"",
  ""Whey Peptides"",
  ""Whey Protein Isolate"",
  ""Whey Protein Concentrate"",
  ""Maltodextrin"",
  ""Calcium Carbonate"",
  ""Natural"",
  ""Cellulose Gum"",
  ""Xanthan Gum"",
  ""Carrageenan"",
  ""Enzyplex"",
  ""Papain"",
  ""Artificial Flavors"",
  ""Soy Lecithin"",
  ""Sunflower Lecithin"",
  ""Gum Blend Amylase"",
  ""Salt"",
  ""Sucralose"",
  ""Acesulfame Potassium"",
  ""Milk"",
  ""Soy"",
  ""Wheat"",
  ""Egg"",
  ""Tree Nut"",
  ""Peanut"",
  ""Fish"",
  ""Shellfish"",
  ""Eggs"",
  ""Fish"",
  ""Milk"",
  ""Nuts"",
  ""Peanuts"",
  ""Soybeans""
]
"
MuscleTech Protein Powder Nitro-Tech Whey Gold Whey Protein Isolate + PeptidesCookies & Cream,"[
  ""Premium Protein Blend"",
  ""Whey Peptides"",
  ""Whey Protein Isolate"",
  ""Whey Protein Concentrate"",
  ""Natural Flavor"",
  ""Artificial Flavor"",
  ""Salt"",
  ""Soy Lecithin"",
  ""Sunflower Lecithin"",
  ""Cookie Crumbs"",
  ""Rice Flour"",
  ""Sugar"",
  ""Tapioca Starch"",
  ""Palm In Oil"",
  ""Cocoa Processed With Alkali"",
  ""Corn Starch"",
  ""Chocolate C Liquor"",
  ""Natural Flavor"",
  ""Sodium Bicarbonate"",
  ""Gum Blend"",
  ""Cellulose Gum"",
  ""Xanthan Gum"",
  ""Carrageenan"",
  ""Sucralose"",
  ""M Acesulfame Potassium"",
  ""Milk"",
  ""Soy"",
  ""Wheat"",
  ""Peanut"",
  ""Tree Nut"",
  ""Egg"",
  ""Shellfish"",
  ""Eggs"",
  ""Nuts"",
  ""Peanuts"",
  ""Soybeans""
]"
Cenovis Sugarless Vitamin C 500mg Chewable Tablets 300,"[
  ""Ascorbic Acid"",
  ""Vitamin C"",
  ""Im Ascorbate""
]
"
Cenovis Men's Multi Capsules 100 - Daily Multivitamin for Men,"[
  ""Energy"",
  ""Fat"",
  ""Saturated Fat"",
  ""Carbohydrates"",
  ""Sugars"",
  ""Fiber"",
  ""Proteins"",
  ""Salt"",
  ""Vitamin E"",
  ""Vitamin C"",
  ""Ascorbic Acid"",
  ""Vitamin B1"",
  ""Thiamin"",
  ""Vitamin B2"",
  ""Riboflavin"",
  ""Vitamin B6"",
  ""Pyridoxin"",
  ""Vitamin B5"",
  ""Pantothenic Acid"",
  ""Calcium"",
  ""Iron"",
  ""Magnesium"",
  ""Zinc"",
  ""Manganese""
]"
Cenovis Iron Plus Tablets Womens Health,"[
  ""Calcium Pantothenate"",
  ""Vitamin B5"",
  ""Pyridoxine Hydrochloride"",
  ""Vitamin B6"",
  ""Cyanocobalamin"",
  ""Vitamin B12"",
  ""Folic Acid"",
  ""Calcium Ascorbate Dihydrate"",
  ""Ascorbic Acid"",
  ""Iron"",
  ""Iron II Glycinate""
]"
Creatine Monohydrate,"[
  ""Pure Pharmaceutical Grade Creatine Monohydrate""
]"
Atkins Vanilla Advantage Ready to Drink Protein Shake,"[
  ""Filtered Water"",
  ""Protein Blend"",
  ""Caseinates"",
  ""Whey Protein Concentrate"",
  ""Sunflower Oil"",
  ""Natural Flavours"",
  ""Stabilisers"",
  ""Gellan Gum"",
  ""Disodium Phosphate"",
  ""Cellulose Gel"",
  ""Carrageenan"",
  ""Cellulose Gum"",
  ""Emulsifier"",
  ""Sunflower Lecithin"",
  ""Sweetener"",
  ""Sucralose""
]
"
Cellucor C4 Sport Blue Raspberry | 285g,"[
  ""Vitamin B6"",
  ""Pyridoxal 5 Phosphate"",
  ""Vitamin B12"",
  ""Methylcobalamin"",
  ""Phosphorus"",
  ""Dipotassium Phosphate"",
  ""Disodium Phosphate"",
  ""Magnesium"",
  ""Magnesium Chloride"",
  ""Sodium"",
  ""Sodium Phosphate"",
  ""Potassium"",
  ""C4 Sport Performance Blend"",
  ""Micronised Creatine Monohydrate"",
  ""CarnoSyn Beta Alanine"",
  ""Arginine AKG"",
  ""Disodium Phosphate"",
  ""Magnesium Chloride"",
  ""Dipotassium Phosphate"",
  ""C4 Sport Energy Blend"",
  ""Taurine"",
  ""Caffeine Anhydrous"",
  ""Pyridoxal 5 Phosphate"",
  ""Methylcobalamin"",
  ""Citric Acid"",
  ""Malic Acid"",
  ""Natural Flavor"",
  ""Artificial Flavor"",
  ""Polydextrose"",
  ""Calcium Silicate"",
  ""Silicon Dioxide"",
  ""Sucralose"",
  ""Acesulfame Potassium"",
  ""Brilliant Blue FCF""
]"
Cellucor C4 Sport Watermelon | 285g,"[
  ""Vitamin B6"",
  ""Pyridoxal 5 Phosphate"",
  ""Vitamin B12"",
  ""Methylcobalamin"",
  ""Phosphorus"",
  ""Dipotassium Phosphate"",
  ""Disodium Phosphate"",
  ""Magnesium"",
  ""Magnesium Chloride"",
  ""Sodium"",
  ""Sodium Citrate"",
  ""Potassium"",
  ""C4 Sport Performance Blend"",
  ""Micronised Creatine Monohydrate"",
  ""CarnoSyn Beta Alanine"",
  ""Arginine AKG"",
  ""Dipotassium Phosphate"",
  ""C4 Sport Energy Blend"",
  ""Taurine"",
  ""Caffeine Anhydrous"",
  ""Pyridoxal 5 Phosphate"",
  ""Methylcobalamin""
]"
Cellucor C4 Ripped Sport Arctic Snow Cone | 246g,"[
  ""Vitamin B6"",
  ""Pyridoxal 5 Phosphate"",
  ""Vitamin B12"",
  ""Methylcobalamin"",
  ""Calcium"",
  ""Calcium Silicate"",
  ""Magnesium"",
  ""Magnesium Chloride"",
  ""Sodium"",
  ""Sodium Citrate"",
  ""Potassium"",
  ""C4 Ripped Sport Performance Blend"",
  ""CarnoSyn Beta Alanine"",
  ""Citrulline Malate"",
  ""Conjugated Linoleic Acid Powder"",
  ""L Carnitine Tartrate"",
  ""DygloFit"",
  ""Dichrostachys Glomerata Fruit Extract"",
  ""Magnesium Chloride"",
  ""Dipotassium Phosphate"",
  ""C4 Sport Energy Blend"",
  ""Taurine"",
  ""Caffeine Anhydrous"",
  ""Pyridoxal 5 Phosphate"",
  ""Methylcobalamin"",
  ""Citric Acid"",
  ""Malic Acid"",
  ""Silicon Dioxide"",
  ""Natural Flavor"",
  ""Artificial Flavor"",
  ""Calcium Silicate"",
  ""Titanium Dioxide"",
  ""Artificial Sweeteners"",
  ""Polydextrose"",
  ""Brilliant Blue FCF""
]"
Nature's Way Magnesium + Turmeric Tablets | 150 pack,"[
  ""Curcuma Longa Rhizome Ext Dry Conc Std"",
  ""Curcuma Longa Rhizome Dry"",
  ""Curcuminoids"",
  ""Piper Nigrum Fruit Ext Dry Conc Std"",
  ""Piper Nigrum Fruit Dry"",
  ""Piperine"",
  ""Magnesium"",
  ""Heavy Magnesium Oxide""
]"
Nature's Own Calcium Magnesium & Vitamin D Tablets for Bone Health | 120 pack,"[
  ""Calcium"",
  ""Calcium Amino Acid Chelate"",
  ""Calcium Carbonate"",
  ""Magnesium"",
  ""Magnesium Amino Acid Chelate"",
  ""Heavy Magnesium Oxide"",
  ""Colecalciferol"",
  ""Vitamin D3""
]"
Natures Own Effervescent Magnesium + Sleep | 40 pack,"[
  ""Magnesium"",
  ""Magnesium Carbonate Hydrate"",
  ""Passiflora Incarnata Dry Flower Extract"",
  ""Dry Flower"",
  ""Passionflower"",
  ""Soy"",
  ""Sulphites""
]"
Natures Own Effervescent Magnesium + Energy | 40 pack,"[
  ""Magnesium"",
  ""Magnesium Carbonate Hydrate"",
  ""Cyanocobalamin"",
  ""Vitamin B12"",
  ""Pyridoxine Hydrochloride"",
  ""Vitamin B6"",
  ""Caffeine"",
  ""Paullinia Cupana Dry Seed Extract"",
  ""Dry Seed"",
  ""Guarana""
]"
Natures Own Effervescent Magnesium + Muscle | 40 pack,"[
  ""Magnesium"",
  ""Magnesium Carbonate Hydrate"",
  ""Sulphites""
]"
Natures Way High Strength Gummies Sugar Free Multi | 65 pack,"[
  ""Thiamine Nitrate"",
  ""Thiamin"",
  ""Vitamin B1"",
  ""Riboflavin"",
  ""Vitamin B2"",
  ""Nicotinamide"",
  ""Vitamin B3"",
  ""Pyridoxine Hydrochloride"",
  ""Pyridoxine"",
  ""Vitamin B6"",
  ""Cyanocobalamin"",
  ""Vitamin B12"",
  ""Ascorbic Acid"",
  ""Vitamin C"",
  ""Colecalciferol"",
  ""Vitamin D3"",
  ""Dl Alpha Tocopheryl Acetate"",
  ""Vitamin E"",
  ""Biotin"",
  ""Vitamin H"",
  ""Calcium"",
  ""Calcium Phosphate"",
  ""Iodine"",
  ""Potassium Iodide"",
  ""Magnesium"",
  ""Dibasic Magnesium Phosphate Trihydrate"",
  ""Zinc"",
  ""Zinc Citrate Dihydrate""
]"
Nature's Way Kids Smart Vita Gummies Omega | 60 pack,"[
  ""Natural Fish Oil"",
  ""Docosahexaenoic Acid"",
  ""Dha"",
  ""Eicosapentaenoic Acid"",
  ""Epa""
]
"
Centrum For Men 50+ Multivitamin | 60 Pack,"[
  ""Retinol Acetate"",
  ""Vitamin A"",
  ""Retinol Equivalents"",
  ""Betacarotene"",
  ""Colecalciferol"",
  ""Vitamin D3"",
  ""Phytomenadione"",
  ""Vitamin K1"",
  ""Calcium Pantothenate"",
  ""Pantothenic Acid"",
  ""Thiamine Nitrate"",
  ""Vitamin B1"",
  ""Nicotinamide"",
  ""Riboflavin"",
  ""Vitamin B2"",
  ""Pyridoxine Hydrochloride"",
  ""Vitamin B6"",
  ""Cyanocobalamin"",
  ""Vitamin B12"",
  ""Biotin"",
  ""Vitamin H"",
  ""Folic Acid"",
  ""Dl Alpha Tocopheryl Acetate"",
  ""Vitamin E"",
  ""Ascorbic Acid"",
  ""Vitamin C"",
  ""Calcium"",
  ""Calcium Carbonate"",
  ""Calcium Hydrogen Phosphate"",
  ""Magnesium"",
  ""Magnesium Oxide"",
  ""Iron"",
  ""Ferrous Fumarate"",
  ""Zinc"",
  ""Zinc Oxide"",
  ""Manganese"",
  ""Manganese Sulfate Monohydrate"",
  ""Chromium"",
  ""Chromic Chloride Hexahydrate"",
  ""Selenium"",
  ""Sodium Selenate"",
  ""Copper"",
  ""Cupric Sulfate"",
  ""Molybdenum"",
  ""Sodium Molybdate Dihydrate"",
  ""Iodine"",
  ""Potassium Iodide""
]"
Centrum For Women Multivitamin | 60 Pack,"[
  ""Retinol Acetate"",
  ""Vitamin A"",
  ""Retinol Equivalents"",
  ""Betacarotene"",
  ""Colecalciferol"",
  ""Vitamin D3"",
  ""Phytomenadione"",
  ""Vitamin K1"",
  ""Calcium Pantothenate"",
  ""Vitamin B5"",
  ""Thiamine Nitrate"",
  ""Vitamin B1"",
  ""Nicotinamide"",
  ""Riboflavin"",
  ""Vitamin B2"",
  ""Pyridoxine Hydrochloride"",
  ""Vitamin B6"",
  ""Cyanocobalamin"",
  ""Vitamin B12"",
  ""Biotin"",
  ""Vitamin H"",
  ""Folic Acid"",
  ""Dl Alpha Tocopheryl Acetate"",
  ""Vitamin E"",
  ""Ascorbic Acid"",
  ""Vitamin C"",
  ""Calcium"",
  ""Calcium Carbonate"",
  ""Calcium Hydrogen Phosphate"",
  ""Magnesium"",
  ""Magnesium Oxide"",
  ""Iron"",
  ""Ferrous Fumarate"",
  ""Zinc"",
  ""Zinc Oxide"",
  ""Manganese"",
  ""Manganese Sulfate Monohydrate"",
  ""Chromium"",
  ""Chromic Chloride Hexahydrate"",
  ""Selenium"",
  ""Sodium Selenate"",
  ""Copper"",
  ""Cupric Sulfate"",
  ""Iodine"",
  ""Potassium Iodide""
]"
Life Space Urogen For Women | 40 pack,"[
  ""L Rhamnosus Hn001"",
  ""L Plantarum Lp115"",
  ""L Gasseri Lg 36"",
  ""L Reuteri Rc14"",
  ""L Rhamnosus Gr 1"",
  ""Vaccinium Macrocarpon"",
  ""Cranberry"",
  ""Ext Dry Conc"",
  ""From Fresh Fruit"",
  ""Lactobacillus"",
  ""Colony Forming Unit""
]"
Life Space Probiotic 60+ Years Hard Capsules | 40 pack,"[
  ""L Rhamnosus Lr 32"",
  ""B Animalis Ssp Lactis Hn019"",
  ""B Lactis Bi 04"",
  ""L Paracasei Lpc 37"",
  ""L Plantarum Lp 115"",
  ""L Casei Lc 11"",
  ""S Thermophilus St 21"",
  ""B Breve Bb 03"",
  ""B Longum Bi 05"",
  ""L Plantarum Cect 7527"",
  ""L Plantarum Cect 7528"",
  ""L Plantarum Cect 7529"",
  ""B Infantis Bi 26"",
  ""L Delbrueckii Ssp Bulgaricus Lb 87"",
  ""L Reuteri 1E1"",
  ""Bifidobacterium"",
  ""Lactobacillus"",
  ""Streptococcus"",
  ""Colony Forming Unit""
]"
Life Space Double Strength Probiotic Capsules | 20 pack,"[
  ""L Rhamnosus Lr 32"",
  ""B Lactis Bi 04"",
  ""L Plantarum Lp 115"",
  ""L Rhamnosus Gg"",
  ""S Thermophilus St 21"",
  ""L Casei Lc 11"",
  ""L Paracasei Lpc 37"",
  ""B Animalis Ssp Lactis Hn019"",
  ""L Rhamnosus Hn001"",
  ""B Breve Bb 03"",
  ""B Longum Bi 05"",
  ""L Gasseri Lg 36"",
  ""B Infantis Bi 26"",
  ""L Delbrueckii Ssp Bulgaricus Lb 87"",
  ""L Reuteri 1E1"",
  ""Bifidobacterium"",
  ""Lactobacillus"",
  ""Streptococcus"",
  ""Colony Forming Unit""
]"
Life Space Probiotics Triple Strength | 20 pack,"[
  ""L Rhamnosus Lr 32"",
  ""B Lactis Bi 04"",
  ""L Plantarum Lp 115"",
  ""L Rhamnosus Gg"",
  ""S Thermophilus St 21"",
  ""L Casei Lc 11"",
  ""L Paracasei Lpc 37"",
  ""B Animalis Ssp Lactis Hn019"",
  ""L Rhamnosus Hn001"",
  ""B Breve Bb 03"",
  ""B Longum Bi 05"",
  ""B Gasseri Lg 36"",
  ""B Infantis Bi 26"",
  ""L Delbrueckii Ssp Bulgaricus Lb 87"",
  ""L Reuteri 1E1"",
  ""Bifidobacterium"",
  ""Lactobacillus"",
  ""Streptococcus"",
  ""Colony Forming Unit""
]"
Ultralife Effervescent Multivitamin Orange Tablets | 20 pack,"[
  ""Dl Alpha Tocopheryl Acetate"",
  ""Dl Alpha Tocopherol"",
  ""Cholecalciferol"",
  ""Vitamin D3"",
  ""Thiamine"",
  ""Vitamin B1"",
  ""Thiamine Nitrate"",
  ""Riboflavin"",
  ""Vitamin B2"",
  ""Riboflavin Sodium Phosphate"",
  ""Nicotinamide"",
  ""Vitamin B3"",
  ""Pantothenic Acid"",
  ""Vitamin B5"",
  ""Calcium Pantothenate"",
  ""Pyridoxine"",
  ""Vitamin B6"",
  ""Pyridoxine Hydrochloride"",
  ""Folic Acid"",
  ""Cyanocobalamin"",
  ""Vitamin B12"",
  ""Biotin"",
  ""Ascorbic Acid"",
  ""Vitamin C"",
  ""Magnesium"",
  ""Magnesium Carbonate Hydrate"",
  ""Zinc"",
  ""Zinc Sulfate Monohydrate"",
  ""Iron"",
  ""Ferrous Gluconate Dihydrate""
]"
Blackmores Folate 500mg Folic Acid Vitamin Tablets | 90 pack,"[
  ""Folic Acid"",
  ""Fresh Green Leafy Vegetables"",
  ""Broccoli"",
  ""Mushrooms"",
  ""Legumes"",
  ""Nuts"",
  ""Fortified Cereals"",
  ""B Group Vitamin"",
  ""Folate"",
  ""Vitamin B12""
]"
Swisse Ultiboost Iron + Probiotic For Women's Health | 30 pack,"[
  ""Iron"",
  ""Iron Amino Acid Chelate"",
  ""Vitamin C"",
  ""Ascorbic Acid"",
  ""Bacillus Coagulans"",
  ""Mtcc No 5260"",
  ""Unique Is2""
]"
Nature's Own Hair Skin & Nails Tablets with Biotin | 50 pack,"[
  ""Nicotinamide"",
  ""Vitamin B3"",
  ""Ascorbic Acid"",
  ""Vitamin C"",
  ""Copper"",
  ""Copper Gluconate"",
  ""Manganese"",
  ""Manganese Amino Acid Chelate"",
  ""Selenium"",
  ""Selenomethionine"",
  ""Silicon"",
  ""Silicon Dioxide"",
  ""Zinc"",
  ""Zinc Gluconate"",
  ""Biotin"",
  ""Equisetum Arvense Dry Stem Extract"",
  ""Dry Stem"",
  ""Horsetail""
]"
Swisse Ub Magnesium + Sleep | 100 Pack,"[
  ""Magnesium"",
  ""Magnesium Citrate"",
  ""Passionflower"",
  ""Passiflora Incarnata Extract"",
  ""Dry Herb"",
  ""Hops"",
  ""Humulus Lupulus Extract"",
  ""Dry Fruit"",
  ""Inositol""
]
"
Voost Magnesium Effervescent Tablets | 40 pack,"[
  ""Magnesium Carbonate Hydrate"",
  ""Magnesium"",
  ""Sodium""
]
"
Voost Isotonic Lemon Lime Tablets | 10 Pack,"[
  ""Glucose"",
  ""Potassium"",
  ""Potassium Phosphate Monobasic"",
  ""Calcium"",
  ""Calcium Carbonate"",
  ""Magnesium"",
  ""Magnesium Carbonate Hydrate"",
  ""Zinc"",
  ""Zinc Sulfate Monohydrate"",
  ""Iron"",
  ""Ferrous Gluconate Dihydrate"",
  ""Manganese"",
  ""Manganese Sulfate Monohydrate""
]
"
Voost Isotonicorange Tablets | 10 each,"[
  ""Glucose"",
  ""Potassium"",
  ""Potassium Phosphate Monobasic"",
  ""Calcium"",
  ""Calcium Carbonate"",
  ""Magnesium"",
  ""Magnesium Carbonate Hydrate"",
  ""Zinc"",
  ""Zinc Sulfate Monohydrate"",
  ""Iron"",
  ""Ferrous Gluconate Dihydrate"",
  ""Manganese"",
  ""Manganese Sulfate Monohydrate""
]
"
Voost Energy Orange & Mango 20 Effervescent Tablets | 1 pack,"[
  ""Thiamine"",
  ""B1"",
  ""Thiamine Mononitrate"",
  ""Riboflavine"",
  ""B2"",
  ""Riboflavin Sodium Phosphate"",
  ""Nicotinamide"",
  ""Pantothenic Acid"",
  ""B5"",
  ""Calcium Pantothenate"",
  ""Pyridoxine"",
  ""B6"",
  ""Pyridoxine Hydrochloride"",
  ""Cyanocobalamin"",
  ""B12"",
  ""Folic Acid"",
  ""Biotin"",
  ""Ascorbic Acid"",
  ""Vitamin C"",
  ""Dl Alpha Tocopherol"",
  ""Vitamin E"",
  ""Dl Alpha Tocopheryl Acetate"",
  ""Calcium"",
  ""Calcium Carbonate"",
  ""Magnesium"",
  ""Magnesium Carbonate Hydrate"",
  ""Zinc"",
  ""Zinc Sulfate Monohydrate"",
  ""Caffeine"",
  ""Paullinia Cupana"",
  ""Guarana Extract"",
  ""Dry Seed"",
  ""Total Caffeine""
]"
Voost Vitamin C 1000mg 40 Blood Orange Effervescent Tablets | 2 pack,"[
  ""Ascorbic Acid"",
  ""Vitamin C""
]"
Blackmores Bio C 500mg Vitamin C Chewables | 125 pack,"[
  ""Ascorbic Acid"",
  ""Vitamin C"",
  ""Sodium Ascorbate"",
  ""Citrus Bioflavonoids Extract""
]
"
Voost Multivitamin + Minerals Orange 20 Effervescent Tablets | 1 Pack,"[
  ""Thiamine"",
  ""B1"",
  ""Thiamine Nitrate"",
  ""Riboflavine"",
  ""B2"",
  ""Riboflavine 5 Phosphate Sodium"",
  ""Nicotinamide"",
  ""Pantothenic Acid"",
  ""B5"",
  ""Calcium Pantothenate"",
  ""Pyridoxine"",
  ""B6"",
  ""Pyridoxine Hydrochloride"",
  ""Cyanocobalamin"",
  ""B12"",
  ""Biotin"",
  ""Folic Acid"",
  ""Ascorbic Acid"",
  ""Vitamin C"",
  ""Colecalciferol"",
  ""Vitamin D3"",
  ""Dl Alpha Tocopherol"",
  ""Vitamin E"",
  ""Dl Alpha Tocopheryl Acetate"",
  ""Iron"",
  ""Ferrous Gluconate Dihydrate"",
  ""Zinc"",
  ""Zinc Sulfate Monohydrate"",
  ""Magnesium"",
  ""Magnesium Carbonate Hydrate"",
  ""Sodium""
]"
Voost Multivitamin Orange 40 Effervescent Tablets | 2 pack,"[
  ""Sodium Chloride"",
  ""Potassium Chloride"",
  ""Sodium Bicarbonate"",
  ""Citric Acid"",
  ""Glucose"",
  ""Potassium"",
  ""Thiamine"",
  ""Vitamin B1"",
  ""Thiamine Nitrate"",
  ""Riboflavin"",
  ""Vitamin B2"",
  ""Riboflavin Sodium Phosphate"",
  ""Nicotinamide"",
  ""Vitamin B3"",
  ""Pantothenic Acid"",
  ""Vitamin B5"",
  ""Calcium Pantothenate"",
  ""Pyridoxine"",
  ""Vitamin B6"",
  ""Pyridoxine Hydrochloride"",
  ""Cyanocobalamin"",
  ""Vitamin B12"",
  ""Biotin"",
  ""Folic Acid"",
  ""Ascorbic Acid"",
  ""Vitamin C"",
  ""Colecalciferol"",
  ""Vitamin D3"",
  ""Dl Alpha Tocopherol"",
  ""Vitamin E"",
  ""Dl Alpha Tocopheryl Acetate"",
  ""Iron"",
  ""Ferrous Gluconate Dihydrate"",
  ""Zinc"",
  ""Zinc Sulfate Monohydrate"",
  ""Magnesium"",
  ""Magnesium Carbonate Hydrate""
]"
Natures Way Ultimate Omega 3Xstrength | 60 Pack,"[
  ""Concentrated Fish Omega 3 Triglycerides"",
  ""Eicosapentaenoic Acid"",
  ""Epa"",
  ""Docosahexaenoic Acid"",
  ""Dha""
]"
Nature's Own Magnesium + Sleep Effervescent with Passionflower | 20 pack,"[
  ""Magnesium"",
  ""Magnesium Carbonate Hydrate"",
  ""Passiflora Incarnata Dry Flower Extract"",
  ""Dry Flower"",
  ""Passionflower""
]
"
Voost Effervescent Sport Hydration Berry | 10 pack,"[
  ""Glucose"",
  ""Potassium"",
  ""Potassium Phosphate Monobasic"",
  ""Calcium"",
  ""Calcium Carbonate"",
  ""Magnesium"",
  ""Magnesium Carbonate Hydrate"",
  ""Zinc"",
  ""Zinc Sulfate Monohydrate"",
  ""Iron"",
  ""Ferrous Gluconate Dihydrate"",
  ""Manganese"",
  ""Manganese Sulfate Monohydrate""
]"
Voost Vitamin C 1000mg 20 Blood Orange Effervescent Tablets | 1 pack,"[
  ""Ascorbic Acid"",
  ""Vitamin C""
]"
Ultralife Kids Gummies Vitamin C + Zinc | 120 pack,"[
  ""Ascorbic Acid"",
  ""Vitamin C"",
  ""Zinc"",
  ""Zinc Citrate Dihydrate""
]"
Ultralife Adult Gummies Multivitamin | 120 pack,"[
  ""Nicotinamide"",
  ""Pyridoxine"",
  ""Pyridoxine Hydrochloride"",
  ""Vitamin B6"",
  ""Biotin"",
  ""Thiamine"",
  ""Thiamine Hydrochloride"",
  ""Vitamin B1"",
  ""Cyanocobalamin"",
  ""Vitamin B12"",
  ""Ascorbic Acid"",
  ""Vitamin C"",
  ""Colecalciferol"",
  ""Vitamin D3"",
  ""Dl Alpha Tocopheryl Acetate"",
  ""Vitamin E"",
  ""Iodine"",
  ""Potassium Iodide"",
  ""Zinc"",
  ""Zinc Citrate Dihydrate"",
  ""Riboflavin"",
  ""Vitamin B2"",
  ""Magnesium"",
  ""Magnesium Citrate Nonahydrate""
]"
Ultralife Kids Gummies Multivitamin | 120 pack,"[
  ""Nicotinamide"",
  ""Pyridoxine"",
  ""Pyridoxine Hydrochloride"",
  ""Vitamin B6"",
  ""Biotin"",
  ""Thiamine"",
  ""Thiamine Hydrochloride"",
  ""Vitamin B1"",
  ""Cyanocobalamin"",
  ""Vitamin B12"",
  ""Ascorbic Acid"",
  ""Vitamin C"",
  ""Colecalciferol"",
  ""Vitamin D3"",
  ""Dl Alpha Tocopheryl Acetate"",
  ""Vitamin E"",
  ""Iodine"",
  ""Potassium Iodide"",
  ""Zinc"",
  ""Zinc Citrate Dihydrate"",
  ""Riboflavin"",
  ""Vitamin B2"",
  ""Pantothenic Acid"",
  ""Calcium Pantothenate"",
  ""Vitamin B5""
]"
Centrum Advance 50+ Multivitamin | 100 Pack,"[
  ""Betacarotene"",
  ""Colecalciferol"",
  ""Vitamin D3"",
  ""Phytomenadione"",
  ""Vitamin K1"",
  ""Calcium Pantothenate"",
  ""Vitamin B5"",
  ""Thiamine Nitrate"",
  ""Vitamin B1"",
  ""Nicotinamide"",
  ""Riboflavin"",
  ""Vitamin B2"",
  ""Pyridoxine Hydrochloride"",
  ""Vitamin B6"",
  ""Cyanocobalamin"",
  ""Vitamin B12"",
  ""Biotin"",
  ""Vitamin H"",
  ""Folic Acid"",
  ""Dl Alpha Tocopheryl Acetate"",
  ""Vitamin E"",
  ""Ascorbic Acid"",
  ""Vitamin C"",
  ""Calcium"",
  ""Calcium Carbonate"",
  ""Calcium Hydrogen Phosphate"",
  ""Magnesium"",
  ""Magnesium Oxide"",
  ""Iron"",
  ""Ferrous Fumarate"",
  ""Zinc"",
  ""Zinc Oxide"",
  ""Manganese"",
  ""Manganese Sulfate Monohydrate"",
  ""Chromium"",
  ""Chromic Chloride Hexahydrate"",
  ""Selenium"",
  ""Sodium Selenate"",
  ""Copper"",
  ""Cupric Sulfate"",
  ""Iodine"",
  ""Potassium Iodide"",
  ""Potassium"",
  ""Potassium Sulfate"",
  ""Retinol Equivalents""
]"
Ostelin Calcium & Vitamin D Tablets W. D3 For Bone Health | 60 pack,"[
  ""Calcium"",
  ""Calcium Carbonate"",
  ""Colecalciferol""
]
"
Kin The Postnatal Capsule | 30 pack,"[
  ""Biotin"",
  ""Choline"",
  ""Vitamin D3"",
  ""Folate"",
  ""Magnesium"",
  ""Iron"",
  ""Vitamin B12"",
  ""Vitamin K2"",
  ""Zinc"",
  ""Vitamin B1"",
  ""Selenium"",
  ""Vitamin B2"",
  ""Vitamin B3"",
  ""Vitamin B5"",
  ""Vitamin K1"",
  ""Beta Carotene"",
  ""Vitamin B6"",
  ""Calcium""
]"
Nature's Own Vitamin B3 500mg Vitamin B Tablets For Energy | 60 pack,"[
  ""Nicotinamide"",
  ""Vitamin B3""
]"
Natures Way Beauty Collagen | 120 pack,"[
  ""Hydrolysed Collagen"",
  ""Verisol"",
  ""Ascorbic Acid"",
  ""Vitis Vinifera"",
  ""Grape Seed Extract"",
  ""Vitis Vinifera Seed Dry"",
  ""Procyanidins"",
  ""Biotin"",
  ""Reynoutria Japonica"",
  ""Japanese Knotweed Extract"",
  ""Reynoutria Japonica Root Dry"",
  ""Resveratrol""
]
"
Berocca Immune Effervescent Blackcurrant | 15 pack,"[
  ""Vitamin C"",
  ""Ascorbic Acid"",
  ""Vitamin D"",
  ""Colecalciferol"",
  ""Zinc"",
  ""Zinc Citrate Trihydrate""
]"
Berocca Effervescent Boost Guava | 20 Pack,"[
  ""Vitamin B1"",
  ""Thiamine"",
  ""Monophosphothiamine Dihydrate"",
  ""Vitamin B2"",
  ""Riboflavin"",
  ""Riboflavin Sodium Phosphate"",
  ""Vitamin B3"",
  ""Nicotinamide"",
  ""Vitamin B5"",
  ""Pantothenic Acid"",
  ""Calcium Pantothenate"",
  ""Vitamin B6"",
  ""Pyridoxine Hydrochloride"",
  ""Vitamin B12"",
  ""Cyanocobalamin"",
  ""Vitamin C"",
  ""Ascorbic Acid"",
  ""Vitamin H"",
  ""Biotin"",
  ""Folic Acid"",
  ""Magnesium"",
  ""Magnesium Carbonate Hydrate"",
  ""Magnesium Sulfate Dihydrate"",
  ""Zinc"",
  ""Zinc Citrate Trihydrate"",
  ""Calcium"",
  ""Calcium Carbonate"",
  ""Paullinia Cupana"",
  ""Guarana Seed Fresh Extract"",
  ""Fresh Seed"",
  ""Caffeine""
]"
Ultralife Calcium + Vitamin D3 | 180 pack,"[
  ""Total Calcium"",
  ""Calcium"",
  ""Calcium Citrate Tetrahydrate"",
  ""Calcium Carbonate"",
  ""Colecalciferol"",
  ""Vitamin D3""
]"
Caltrate Bone & Muscle Health Vit D 1000IU & Min | 60 pack,"[
  ""Calcium"",
  ""Calcium Carbonate"",
  ""Colecalciferol"",
  ""Vitamin D3"",
  ""Magnesium"",
  ""Magnesium Oxide"",
  ""Zinc"",
  ""Zinc Oxide"",
  ""Copper"",
  ""Cupric Sulfate"",
  ""Manganese"",
  ""Manganese Sulfate Monohydrate""
]"
Life Space Probiotics + Micro Flora | 40 pack,"[
  ""L Crispatus Lbv88"",
  ""L Plantarum I1001"",
  ""L Reuteri Rc14"",
  ""L Rhamnosus Gr 1"",
  ""L Rhamnosus Lbv96"",
  ""L Gasseri Lbv 150 N"",
  ""Lactobacillus"",
  ""Colony Forming Unit""
]"
Cenovis Mega Vitamin C 1000mg Tablets For Immunity | 100 pack,"[
  ""Ascorbic Acid"",
  ""Vitamin C"",
  ""Sodium Ascorbate""
]"
Nature's Way Garlic + C & Horseradish Tablets | 200 pack,"[
  ""Allium Sativum"",
  ""Garlic"",
  ""Bulb Powder"",
  ""Fresh Bulb"",
  ""Ascorbic Acid"",
  ""Vitamin C"",
  ""Armoracia Rusticana"",
  ""Horseradish"",
  ""Root Ext Dry Conc"",
  ""Dry Root"",
  ""Trigonella Foenum Graecum"",
  ""Fenugreek"",
  ""Seed Ext Dry Conc"",
  ""Seed Dry"",
  ""Althaea Officinalis"",
  ""Marshmallow"",
  ""Root Ext Dry Conc"",
  ""Dry Root""
]
"
Living Healthy Adult Gummies Tri Magnesium | 60 Pack,"[
  ""Magnesium Aspartate Dihydrate"",
  ""Magnesium"",
  ""Magnesium Citrate"",
  ""Dibasic Magnesium Phosphate Trihydrate""
]"
Ultralife Vitamin D Gummies 145pk | 145PACK,"[
  ""Colecalciferol"",
  ""Vitamin D3""
]"
Swisse Ultivite Men's Multivitamin With Key Nutrients | 30 Pack,"[
  ""Biotin"",
  ""Folic Acid"",
  ""Nicotinamide"",
  ""Vitamin B1"",
  ""Thiamine"",
  ""Thiamine Hydrochloride"",
  ""Vitamin B2"",
  ""Riboflavin"",
  ""Vitamin B5"",
  ""Pantothenic Acid"",
  ""Calcium Pantothenate"",
  ""Vitamin B6"",
  ""Pyridoxine"",
  ""Pyridoxine Hydrochloride"",
  ""Vitamin B12"",
  ""Cyanocobalamin"",
  ""Vitamin C"",
  ""Ascorbic Acid"",
  ""Vitamin D3"",
  ""Colecalciferol"",
  ""Vitamin E"",
  ""Dl Alpha Tocopheryl Acid Succinate"",
  ""Calcium"",
  ""Calcium Citrate Tetrahydrate"",
  ""Chromium"",
  ""Chromium Picolinate"",
  ""Copper"",
  ""Copper Gluconate"",
  ""Iodine"",
  ""Potassium Iodide"",
  ""Iron"",
  ""Ferrous Fumarate"",
  ""Magnesium"",
  ""Heavy Magnesium Oxide"",
  ""Manganese"",
  ""Manganese Amino Acid Chelate"",
  ""Potassium"",
  ""Potassium Sulfate"",
  ""Selenium"",
  ""Selenomethionine"",
  ""Zinc"",
  ""Zinc Sulfate Monohydrate"",
  ""Betacarotene"",
  ""Choline"",
  ""Choline Bitartrate"",
  ""Co Enzyme Q10"",
  ""Ubidecarenone"",
  ""Inositol"",
  ""Lutein"",
  ""Lysine"",
  ""Lysine Hydrochloride"",
  ""Spearmint Oil"",
  ""Astragalus"",
  ""Astragalus Membranaceus Extract"",
  ""Dry Root"",
  ""Bilberry"",
  ""Vaccinium Myrtillus Extract"",
  ""Fresh Fruit"",
  ""Celery"",
  ""Apium Graveolens Extract"",
  ""Dry Seed"",
  ""Fennel"",
  ""Foeniculum Vulgare Extract"",
  ""Dry Fruit"",
  ""Ginger"",
  ""Zingiber Officinale Extract"",
  ""Dry Rhizome"",
  ""Ginkgo"",
  ""Ginkgo Biloba Extract"",
  ""Dry Leaf"",
  ""Globe Artichoke"",
  ""Cynara Scolymus Extract"",
  ""Fresh Leaf"",
  ""Grape Seed"",
  ""Vitis Vinifera Extract"",
  ""Gotu Kola"",
  ""Centella Asiatica Extract"",
  ""Dry Whole Plant"",
  ""Green Tea"",
  ""Camellia Sinensis Extract"",
  ""Dry Leaf"",
  ""Korean Ginseng"",
  ""Panax Ginseng Extract"",
  ""Dry Root"",
  ""Liquorice"",
  ""Glycyrrhiza Glabra Extract"",
  ""Dry Root"",
  ""Stolon"",
  ""Milk Thistle"",
  ""Silybum Marianum Extract"",
  ""Dry Fruit"",
  ""Papaya"",
  ""Carica Papaya Fruit Powder"",
  ""Parsley"",
  ""Petroselinum Crispum Extract"",
  ""Dry Herb"",
  ""Saw Palmetto"",
  ""Serenoa Repens Extract"",
  ""Dry Fruit"",
  ""Tomato"",
  ""Lycopersicon Esculentum Extract"",
  ""Fresh Fruit""
]"
Life Botanics Libido + Energy | 60 pack,"[
  ""Ginkgo Biloba"",
  ""Ginkgo"",
  ""Ext Dry Conc"",
  ""Leaf Dry"",
  ""Rhodiola Rosea"",
  ""Rhodiola"",
  ""Ext Dry Concnc"",
  ""Root Dry"",
  ""Panax Quinquefolius"",
  ""Ginseng"",
  ""Ext Dry Conc"",
  ""Root Dry"",
  ""Tribulus Terrestris"",
  ""Tribulus"",
  ""Ext Dry Conc"",
  ""Tribulus Fruit Dry"",
  ""Nicotinamide"",
  ""Vitamin B3"",
  ""Nictonic Acid"",
  ""Magnesium Citrate"",
  ""Magnesium""
]"
Swisse Ultivite Men's High Potency Multivitamin With Key Nutrients | 40 pack,"[
  ""Vitamin B1"",
  ""Thiamine"",
  ""Thiamine Hydrochloride"",
  ""Vitamin B2"",
  ""Riboflavin"",
  ""Nicotinamide"",
  ""Vitamin B5"",
  ""Pantothenic Acid"",
  ""Calcium Pantothenate"",
  ""Vitamin B6"",
  ""Pyridoxine"",
  ""Pyridoxine Hydrochloride"",
  ""Vitamin B12"",
  ""Cyanocobalamin"",
  ""Vitamin A"",
  ""Retinyl Acetate"",
  ""Vitamin D3"",
  ""Colecalciferol"",
  ""Vitamin E"",
  ""Dl Alpha Tocopheryl Acid Succinate"",
  ""Biotin"",
  ""Vitamin K"",
  ""Phytomenadione"",
  ""Choline Bitartrate"",
  ""Inositol"",
  ""Folic Acid"",
  ""Lysine"",
  ""Lysine Hydrochloride"",
  ""Taurine"",
  ""Selenium"",
  ""Selenomethionine"",
  ""Molybdenum"",
  ""Molybdenum Trioxide"",
  ""Manganese"",
  ""Manganese Amino Acid Chelate"",
  ""Iron"",
  ""Iron Amino Acid Chelate"",
  ""Copper"",
  ""Copper Gluconate"",
  ""Zinc"",
  ""Zinc Amino Acid Chelate"",
  ""Chromium"",
  ""Chromium Picolinate"",
  ""Iodine"",
  ""Potassium Iodide"",
  ""Spearmint Oil"",
  ""Grape Seed"",
  ""Vitis Vinifera Extract"",
  ""Dry Seed"",
  ""Procyanidins"",
  ""Japanese Knotweed"",
  ""Reynoutria Japonica Extract"",
  ""Dry Root"",
  ""Resveratrol"",
  ""Saw Palmetto"",
  ""Serenoa Repens Extract"",
  ""Dry Fruit"",
  ""Fatty Acids"",
  ""Tribulus"",
  ""Tribulus Terrestris Extract"",
  ""Furostanol Saponins"",
  ""Protodioscin""
]"
Pentavite Kids Gummies Daily Immune Defence | 60 pack,"[
  ""Ascorbic Acid"",
  ""Vitamin C"",
  ""Zinc Sulfate Monohydrate"",
  ""Zinc"",
  ""Sambucus Nigra"",
  ""Elderberry"",
  ""Fruit Juice Powder"",
  ""Fresh Fruit"",
  ""Honey""
]"
Coco Earth Bio Active Shot Immunity | 60mL,"[
  ""Water"",
  ""Ginger Juice"",
  ""Turmeric Juice"",
  ""Natural Flavours"",
  ""Acidity Regulator"",
  ""Citric Acid"",
  ""Ascorbic Acid"",
  ""Vitamin C"",
  ""Mineral Salt"",
  ""Zinc Gluconate""
]"
Coco Earth Gummies Ashwagandha | 60 pack,"[
  ""Maltitol Syrup"",
  ""Water"",
  ""Isomalt"",
  ""Erythritol"",
  ""Maltitol"",
  ""Sorbitol Syrup"",
  ""Ashwagandha"",
  ""Stabilisers"",
  ""Pectin"",
  ""Acidity Regulators"",
  ""Citric Acid"",
  ""Sodium Citrate"",
  ""Dl Malic Acid"",
  ""Natural Berry Flavour"",
  ""Natural Colour"",
  ""Black Carrot Juice Concentrate"",
  ""Glazing Agent"",
  ""Carnauba Wax"",
  ""Vegetable Oil""
]"
Musashi P30 High Protein Powder Vanilla Milkshake | 900g,"[
  ""Musashi High Protein Blend"",
  ""Whey Protein Concentrate"",
  ""Whole Milk Powder"",
  ""Whey Protein Isolate"",
  ""Skim Milk Powder"",
  ""Emulsifiers"",
  ""Soy Lecithin"",
  ""Sunflower Lecithin"",
  ""Dextrose"",
  ""Inulin"",
  ""Flavours"",
  ""Vegetable Gum"",
  ""Guar Gum"",
  ""Enzyme"",
  ""Papain"",
  ""Sweetener"",
  ""Sucralose"",
  ""Milk"",
  ""Soy"",
  ""Energy"",
  ""Protein"",
  ""Carbohydrate"",
  ""Fat"",
  ""Saturated Fat"",
  ""Sugars"",
  ""Sodium"",
  ""Dietary Fibre"",
  ""Fat Total""
]
"
Vital Strength High Protein Powder Chocolate Blast | 750g,"[
  ""Vitalstrength Protein Blend"",
  ""Whey Protein Concentrate"",
  ""Milk"",
  ""Soy Lecithin"",
  ""Skim Milk Powder"",
  ""Cocoa Powder"",
  ""Natural Flavours"",
  ""Sodium Chloride"",
  ""Digestive Enzymes"",
  ""Bromelain"",
  ""Papain"",
  ""Anticaking Agent"",
  ""Sweetener"",
  ""Sucralose""
]"
Athena Protein + Iron Shake Chocolate | 450g,"[
  ""Athena Protein Blend"",
  ""Whey Protein Concentrate"",
  ""Milk"",
  ""Whey Protein Isolate"",
  ""Whole Milk Powder"",
  ""Milk Protein Concentrate"",
  ""Emulsifiers"",
  ""Soy Lecithin"",
  ""Sunflower Lecithin"",
  ""Cocoa Powder"",
  ""Natural Flavours"",
  ""Vegetable Gums"",
  ""Sodium Carboxymethylcellulose"",
  ""Guar Gum"",
  ""Digestive Enzymes"",
  ""Papain"",
  ""Amylase"",
  ""Protease"",
  ""Lactase"",
  ""Lipase"",
  ""Salt"",
  ""Sweetener"",
  ""Sucralose"",
  ""Mineral"",
  ""Iron"",
  ""Vitamin C""
]
"
Musashi Shred & Burn Protein Powder Chocolate Milkshake | 900g,"[
  ""Musashi Shred"",
  ""Burn Protein Blend"",
  ""Whey Protein Concentrate"",
  ""Whole Milk Powder"",
  ""Whey Protein Isolate"",
  ""Emulsifiers"",
  ""Soy Lecithin"",
  ""Sunflower Lecithin"",
  ""Cocoa Powder"",
  ""Flavour"",
  ""Vegetable Gum"",
  ""Guar Gum"",
  ""Sweetener"",
  ""Sucralose"",
  ""Caffeine"",
  ""L Carnitine"",
  ""Enzyme"",
  ""Papain"",
  ""Green Tea Extract"",
  ""Green Coffee Extract"",
  ""Choline Bitartrate""
]"
Macro Mike Healthy Protein Brownies Double Chocolate | 250g,"[
  ""Faba Bean Protein"",
  ""Coconut Nectar"",
  ""Erythritol"",
  ""Tapioca Flour"",
  ""Rice Flour"",
  ""Dairy Free Chocolate Chips"",
  ""Raw Sugar"",
  ""Cocoa Butter"",
  ""Rice Powder"",
  ""Cocoa Mass"",
  ""Raw Cacao Powder"",
  ""Natural Flavours"",
  ""GF Baking Powder"",
  ""Guar Gum"",
  ""Himalayan Rock Salt"",
  ""Stevia"",
  ""Steviol Glycosides"",
  ""Monk Fruit Extract""
]"
Pilot Protein Weight Reset Shake Rich Chocolate Flavour | 770g,"[
  ""Milk Solids"",
  ""Milk Protein Concentrate"",
  ""Whole Milk Powder"",
  ""Milk"",
  ""Emulsifier"",
  ""Soy Lecithin"",
  ""Whey Protein Isolate"",
  ""Soluble Corn Fibre"",
  ""Cocoa Powder"",
  ""MCT Powder"",
  ""Natural Flavour"",
  ""Minerals"",
  ""Magnesium Oxide"",
  ""Zinc Sulphate"",
  ""Ferric Pyrophosphate"",
  ""Cupric Sulphate"",
  ""Selenium Yeast"",
  ""Chromium Chloride"",
  ""Manganese Sulphate"",
  ""Sodium Molybdate"",
  ""Potassium Iodide"",
  ""Modified Starch"",
  ""Vegetable Gum"",
  ""Organic Maca Root Powder"",
  ""Vitamins"",
  ""Vitamin C"",
  ""Niacin"",
  ""Vitamin E"",
  ""Pantothenic Acid"",
  ""Riboflavin"",
  ""Pyridoxine"",
  ""Thiamin"",
  ""Vitamin A"",
  ""Folic Acid"",
  ""Vitamin K"",
  ""Biotin"",
  ""Vitamin D"",
  ""Vitamin B12"",
  ""Salt"",
  ""Sweetener"",
  ""Sucralose"",
  ""Probiotic Bacteria"",
  ""Bacillus Coagulans""
]"
Macro Mike Peanut Plant Protein Choc Peanut Butter Cup | 280g,"[
  ""Peanut Protein"",
  ""Faba Bean Protein"",
  ""Pea Protein"",
  ""Natural Flavours"",
  ""Coconut Nectar"",
  ""Raw Cacao"",
  ""Guar Gum"",
  ""Coconut Milk Powder"",
  ""Himalayan Rock Salt"",
  ""Stevia"",
  ""Steviol Glycosides"",
  ""Monk Fruit Extract"",
  ""Probiotic Lactospore"",
  ""Bacillus Coagulans""
]
"
Coles Perform Vanilla Whey Protein Powder,"[
  ""Whey Protein Blend"",
  ""Whey Protein Concentrate"",
  ""Milk"",
  ""Whey Protein Isolate"",
  ""Emulsifier"",
  ""Soy Lecithin"",
  ""Prebiotic Dietary Fibre"",
  ""Inulin"",
  ""Natural Flavour"",
  ""Natural Sweeteners"",
  ""Erythritol"",
  ""Thaumatin"",
  ""Himalayan Pink Salt""
]
"
Coles Perform Whey Protein Powder Salted Caramel | 35g,"[
  ""Whey Protein Blend"",
  ""Emulsifier"",
  ""Whey Protein Concentrate"",
  ""Milk"",
  ""Whey Protein Isolate"",
  ""Prebiotic Dietary Fibre"",
  ""Inulin"",
  ""Natural Flavouring"",
  ""Natural Sweeteners"",
  ""968"",
  ""957"",
  ""Himalayan Pink Salt""
]"
Muscle Nation Protein Water Kiwi Strawberry | 300g,"[
  ""Protein Water Blend"",
  ""Hydrolysed Bovine Collagen"",
  ""Whey Protein Isolate"",
  ""Whey Protein"",
  ""Milk"",
  ""Emulsifier"",
  ""Soy Lecithin"",
  ""Sunflower Lecithin"",
  ""Food Acids"",
  ""Citric Acid"",
  ""Malic Acid"",
  ""Flavour"",
  ""IBCAA 2 1 1"",
  ""L Leucine"",
  ""L Isoleucine"",
  ""L Valine"",
  ""Electrolyte Blend"",
  ""Potassium Citrate"",
  ""Magnesium Citrate"",
  ""Sodium Chloride"",
  ""Calcium Citrate"",
  ""Sweeteners"",
  ""Sucralose"",
  ""Acesulfame Potassium"",
  ""Vitamin C"",
  ""Ascorbic Acid"",
  ""Colours"",
  ""Tartrazine"",
  ""Sunset Yellow FCF"",
  ""Brilliant Blue FCF"",
  ""Milk"",
  ""Soy""
]"
Dose & Co. Collagen Protein Powder Creamy Vanilla | 420g,"[
  ""Whey Powder"",
  ""Milk Protein Concentrate"",
  ""Whole Milk Powder"",
  ""Whey Protein Concentrate"",
  ""Vanilla Flavour"",
  ""Monk Fruit Extract"",
  ""Dairy"",
  ""Soy"",
  ""Milk""
]"
Coles Perform Elite Plant High Protein Powder Vanilla | 500g,"[
  ""Plant Protein Blend"",
  ""Organic Yellow Pea Protein"",
  ""Organic Brown Rice Protein"",
  ""Faba Bean Protein"",
  ""Pumpkin Seed Protein"",
  ""Natural Flavouring"",
  ""BCAA 2 1 1"",
  ""L Leucine"",
  ""L Valine"",
  ""L Isoleucine"",
  ""Natural Sweetener"",
  ""Thaumatin""
]"
Muscle Nation Protein Water + Collagen Raspberry | 300g,"[
  ""Protein Water Blend"",
  ""Hydrolysed Bovine Collagen"",
  ""Whey Protein Isolate"",
  ""Whey Protein"",
  ""Milk"",
  ""Emulsifier"",
  ""Soy Lecithin"",
  ""Sunflower Lecithin"",
  ""Flavour"",
  ""Food Acids"",
  ""Citric Acid"",
  ""Malic Acid"",
  ""IBCAA 2 1 1"",
  ""L Leucine"",
  ""L Isoleucine"",
  ""L Valine"",
  ""Electrolyte Blend"",
  ""Potassium Citrate"",
  ""Magnesium Citrate"",
  ""Sodium Chloride"",
  ""Calcium Citrate"",
  ""Sweeteners"",
  ""Sucralose"",
  ""Acesulfame Potassium"",
  ""Vitamin C"",
  ""Ascorbic Acid"",
  ""Colour"",
  ""Allura Red""
]"
BSc Bodyscience High Protein Powder Vanilla | 800g,"[
  ""Protein Blend"",
  ""Whey Protein Concentrate"",
  ""Milk"",
  ""Milk Protein Concentrate"",
  ""Whey Protein Isolate"",
  ""Dextrose"",
  ""Flavours"",
  ""Prebiotic Fibre"",
  ""Inulin"",
  ""Emulsifier"",
  ""Soy Lecithin"",
  ""Sweetener"",
  ""Sucralose"",
  ""Digezyme Digestive Enzymes"",
  ""Amylase"",
  ""Protease"",
  ""Lactase"",
  ""Cellulase"",
  ""Lipase"",
  ""Anticaking Agent"",
  ""Silicon Dioxide"",
  ""Milk"",
  ""Soy""
]
"
BSc Bodyscience High Protein Powder Chocolate | 800g,"[
  ""Protein Blend"",
  ""Whey Protein Concentrate"",
  ""Milk"",
  ""Milk Protein Concentrate"",
  ""Whey Protein Isolate"",
  ""Cocoa Powder"",
  ""Flavours"",
  ""Dextrose"",
  ""Emulsifier"",
  ""Soy Lecithin"",
  ""Sweetener"",
  ""Sucralose"",
  ""Acidity Regulator"",
  ""Potassium Carbonate"",
  ""Digezyme Digestive Enzyme"",
  ""Amylase"",
  ""Protease"",
  ""Lactase"",
  ""Cellulase"",
  ""Lipase"",
  ""Anticaking Agent"",
  ""Silicon Dioxide"",
  ""Milk"",
  ""Soy""
]
"
Keep It Cleaner Plant Based Protein Powder Vanilla | 375g,"[
  ""Pumpkin Seed Protein"",
  ""Erythritol"",
  ""Natural Flavours"",
  ""Natural Sweetener"",
  ""Steviol Glycosides""
]"
Muscle Nation Protein Water Powder Tropical Crush | 300g,"[
  ""Protein Water Blend"",
  ""Hydrolysed Bovine Collagen"",
  ""Whey Protein Isolate"",
  ""Whey Protein"",
  ""Milk"",
  ""Emulsifier"",
  ""Soy Lecithin"",
  ""Sunflower Lecithin"",
  ""Flavour"",
  ""Food Acids"",
  ""Citric Acid"",
  ""Malic Acid"",
  ""IBCAA 2 1 1"",
  ""L Leucine"",
  ""L Isoleucine"",
  ""L Valine"",
  ""Electrolyte Blend"",
  ""Potassium Citrate"",
  ""Magnesium Citrate"",
  ""Sodium Chloride"",
  ""Calcium Citrate"",
  ""Sweeteners"",
  ""Sucralose"",
  ""Acesulfame Potassium"",
  ""Vitamin C"",
  ""Ascorbic Acid"",
  ""Colours"",
  ""Tartrazine"",
  ""Sunset Yellow FCF""
]"
BSc Bodyscience Violet Crumble Protein Powder Choc Mint | 400g,"[
  ""Protein Blend"",
  ""Whey Protein Concentrate"",
  ""Milk"",
  ""Milk Protein Concentrate"",
  ""Whey Protein Isolate"",
  ""Cocoa Powder"",
  ""Flavours"",
  ""Dextrose"",
  ""Salt"",
  ""Anticaking Agent"",
  ""Silicon Dioxide"",
  ""Emulsifier"",
  ""Soy Lecithin"",
  ""Sweetener"",
  ""Sucralose"",
  ""Acidity Regulator"",
  ""Potassium Carbonate"",
  ""DigeZyme Digestive Enzymes"",
  ""Amylase"",
  ""Protease"",
  ""Lactase"",
  ""Cellulase"",
  ""Lipase""
]
"
Coles Perform Plant Protein Powder Salted Caramel | 500g,"[
  ""Plant Protein Blend"",
  ""Yellow Pea Protein"",
  ""Brown Rice Protein"",
  ""Faba Bean Protein"",
  ""Natural Sweeteners"",
  ""Erythritol"",
  ""Thaumatin"",
  ""Prebiotic Dietary Fibre"",
  ""Inulin"",
  ""Natural Flavouring"",
  ""Himalayan Pink Salt"",
  ""Cocoa Powder""
]"
Muscle Nation Custard Casein Protein Powder Cookies & Cream | 400g,"[
  ""Milk Protein Concentrate"",
  ""Casein Protein"",
  ""Whey Protein"",
  ""Choc Cookie Crumb"",
  ""Wheat Flour"",
  ""Sugar"",
  ""Coconut Oil"",
  ""Icing Sugar"",
  ""Tapioca Starch"",
  ""Salted Butter"",
  ""Butter Oil"",
  ""Milk"",
  ""Water"",
  ""Salt"",
  ""Milk Powder"",
  ""Emulsifiers"",
  ""Soy Lecithin"",
  ""Cocoa Powder"",
  ""Tapioca Syrup"",
  ""Raising Agent"",
  ""Flavour"",
  ""Skim Milk Powder"",
  ""Fibre"",
  ""Inulin"",
  ""Medium Chain Triglyceride"",
  ""MCT Oil Milk Powder"",
  ""Antioxidants"",
  ""Thickener"",
  ""Carboxymethylcellulose"",
  ""Sweetener"",
  ""Sucralose"",
  ""Sodium Chloride""
]"
Coles Perform Elite Whey High Protein Powder Chocolate | 40g,"[
  ""Whey Protein Blend"",
  ""Whey Protein Isolate"",
  ""Milk"",
  ""Whey Protein Concentrate"",
  ""Emulsifier"",
  ""Soy Lecithin"",
  ""Cocoa Powder"",
  ""Natural Flavouring"",
  ""BCAA 2 1 1"",
  ""L Leucine"",
  ""L Valine"",
  ""L Isoleucine"",
  ""Butter Milk Powder"",
  ""Himalayan Pink Salt"",
  ""Natural Sweetener"",
  ""Thaumatin""
]"
Muscle Nation Daily Greens Mixed Berry Protein Powder | 180g,"[
  ""Greens"",
  ""Vegetable Blend"",
  ""Wheat Grass Powder"",
  ""Gluten"",
  ""Chlorella Powder"",
  ""Barley Grass Powder"",
  ""Broccoli Powder"",
  ""Spinach Powder"",
  ""Kelp Powder"",
  ""Spirulina Powder"",
  ""Beetroot Powder"",
  ""Carrot Powder"",
  ""Fibre"",
  ""Digestive Blend"",
  ""Acacia Gum"",
  ""Inulin"",
  ""Brown Rice Flour"",
  ""Sweet Potato Powder"",
  ""Digestive Enzyme Complex"",
  ""Alpha Amylase"",
  ""Acid Protease"",
  ""Cellulase"",
  ""Lactase"",
  ""Lipase"",
  ""Probiotic"",
  ""Bacillus Coagulans"",
  ""Flavour"",
  ""Fruit"",
  ""Antioxidant Blend"",
  ""Blueberry Powder"",
  ""Acai Powder"",
  ""Pineapple Powder"",
  ""Acerola Cherry Powder"",
  ""Blackberry Powder"",
  ""Food Acid"",
  ""Citric Acid"",
  ""Sucralose"",
  ""Natural Sweeteners"",
  ""Stevia"",
  ""Monk Fruit"",
  ""Colour"",
  ""Spirulina Blue Extract"",
  ""Brilliant Blue""
]"
Bsc Violet Crumble Pro Powder Choc Honeycomb | 400GRAM,"[
  ""Protein Blend"",
  ""Whey Protein Concentrate"",
  ""Milk"",
  ""Milk Protein Concentrate"",
  ""Whey Protein Isolate"",
  ""Cocoa Powder"",
  ""Flavours"",
  ""Dextrose"",
  ""Salt"",
  ""Anticaking Agent"",
  ""Silicon Dioxide"",
  ""Emulsifier"",
  ""Soy Lecithin"",
  ""Sweetener"",
  ""Sucralose"",
  ""Acidity Regulator"",
  ""Potassium Carbonate"",
  ""DigeZyme Digestive Enzymes"",
  ""Amylase"",
  ""Protease"",
  ""Lactase"",
  ""Cellulase"",
  ""Lipase""
]"
BSc Bodyscience Protein Water Pina Colada | 355mL,"[
  ""Carbonated Water"",
  ""Carbon Dioxide"",
  ""Hydrolysed Collagen Peptides"",
  ""Bovine"",
  ""Acidity Regulators"",
  ""Tartaric Acid"",
  ""Citric Acid"",
  ""Malic Acid"",
  ""Flavours"",
  ""Sweetener"",
  ""Sucralose"",
  ""Preservative"",
  ""Sodium Benzoate"",
  ""Colours"",
  ""Tartrazine"",
  ""Sunset Yellow""
]"
Bsc Bodyscience Protein Water Strawberry Dream | 355mL,"[
  ""Carbonated Water"",
  ""Carbon Dioxide"",
  ""Hydrolysed Collagen Peptides"",
  ""Bovine"",
  ""Acidity Regulators"",
  ""Tartaric Acid"",
  ""Citric Acid"",
  ""Malic Acid"",
  ""Flavours"",
  ""Sweetener"",
  ""Sucralose"",
  ""Preservative"",
  ""Sodium Benzoate"",
  ""Colour"",
  ""Allura Red""
]
"
BSc Bodyscience Protein Water Green Apple | 355mL,"[
  ""Carbonated Water"",
  ""Carbon Dioxide"",
  ""Hydrolysed Collagen Peptides"",
  ""Bovine"",
  ""Acidity Regulators"",
  ""Tartaric Acid"",
  ""Citric Acid"",
  ""Malic Acid"",
  ""Flavours"",
  ""Sweetener"",
  ""Sucralose"",
  ""Preservative"",
  ""Sodium Benzoate"",
  ""Colours"",
  ""Tartrazine"",
  ""Sunset Yellow"",
  ""Brilliant Blue""
]"
Muscle Nation Sparkling Protein Water Citrus Crush | 330mL,"[
  ""Carbonated Water"",
  ""Natural Sweetener"",
  ""Erythritol"",
  ""Collagen Peptide"",
  ""Food Acids"",
  ""Citric Acid"",
  ""Tartaric Acid"",
  ""Natural Flavours"",
  ""Acacia Gum"",
  ""Flavour"",
  ""Acidity Regulator"",
  ""Trisodium Citrate"",
  ""Preservative 211"",
  ""Sucralose"",
  ""L Tryptophan"",
  ""Colours 102"",
  ""Colours 129""
]"
Muscle Nation Sparkling Protein Water Strawberry Apple | 330mL,"[
  ""Carbonated Water"",
  ""Natural Sweetener"",
  ""Erythritol"",
  ""Collagen Peptide"",
  ""Natural Flavours"",
  ""Food Acids"",
  ""Citric Acid"",
  ""Tartaric Acid"",
  ""Malic Acid"",
  ""Acacia Gum"",
  ""Acidity Regulator"",
  ""Trisodium Citrate"",
  ""Preservative 211"",
  ""Sucralose"",
  ""L Tryptophan"",
  ""Colour 129""
]"
Muscle Nation Daily Shake Whey Protein Strawberry | 300GRAM,"[
  ""Milk Protein Blend"",
  ""Milk Protein Concentrate"",
  ""Whey Protein Isolate"",
  ""Milk"",
  ""Emulsifier"",
  ""Soy Lecithin"",
  ""Sunflower Lecithin"",
  ""Flavour"",
  ""Sodium Chloride"",
  ""Sweetener"",
  ""Acesulfame Potassium"",
  ""Sucralose"",
  ""DigeZyme"",
  ""Digestive Enzyme Blend"",
  ""Alpha Amylase"",
  ""Acid Protease"",
  ""Cellulase"",
  ""Lactase"",
  ""Lipase"",
  ""Thickener"",
  ""Xanthan Gum""
]
"
Macro Mike Plant Protein Mug Cake Double Choc Chip | 50g,"[
  ""Faba Bean Protein"",
  ""Coconut Nectar"",
  ""Erythritol"",
  ""Tapioca Flour"",
  ""Rice Flour"",
  ""Dairy Free Chocolate Chips"",
  ""Raw Sugar"",
  ""Cocoa Butter"",
  ""Rice Powder"",
  ""Cocoa Mass"",
  ""Raw Cacao Powder"",
  ""Natural Flavours"",
  ""GF Baking Powder"",
  ""Guar Gum"",
  ""Himalayan Rock Salt"",
  ""Stevia"",
  ""Steviol Glycosides"",
  ""Monk Fruit Extract"",
  ""Peanut""
]"
Natures Way Instant Natural Protein Plant-Based Vanilla | 400g,"[
  ""Soy Protein"",
  ""Fructose"",
  ""Anti Caking Agent"",
  ""Maltodextrin"",
  ""Flavour"",
  ""Vanilla"",
  ""Sweetener"",
  ""Sucralose"",
  ""Vitamin B1"",
  ""Thiamine"",
  ""Thiamine Hydrochloride""
]"
Natures Way Instant Natural Protein Plant-Based Chocolate | 400g,"[
  ""Soy Protein"",
  ""Fructose"",
  ""Cocoa"",
  ""Flavour"",
  ""Sweetener"",
  ""Sucralose"",
  ""Vitamin B1"",
  ""Thiamine"",
  ""Thiamine Hydrochloride""
]"
Athena Protein Water + Collagen Berry | 360g,"[
  ""Whey Protein Isolate"",
  ""Milk"",
  ""Tendoforte Collagen Peptides"",
  ""Sulphites"",
  ""Prebiotic Corn Fibre"",
  ""Natural Colour"",
  ""Beet Red"",
  ""Natural Flavours"",
  ""Digestive Enzymes"",
  ""Papain"",
  ""Amylase"",
  ""Protease"",
  ""Lactase"",
  ""Lipase"",
  ""Acidity Regulator"",
  ""Citric Acid"",
  ""Antifoaming Agent"",
  ""Silicon Dioxide"",
  ""Sweetener"",
  ""Sucralose""
]"
Vital Strength #1 Source Whey Powder Vanilla Ice Cream | 750g,"[
  ""Vitalstrength Protein Blend"",
  ""Whey Protein Concentrate"",
  ""Milk"",
  ""Soy Lecithin"",
  ""Buttermilk Powder"",
  ""Milk Protein Concentrate"",
  ""Natural Flavours"",
  ""Sodium Chloride"",
  ""Sweetener"",
  ""Sucralose"",
  ""Anticaking Agent 551""
]"
Tropeaka Skin Collagen+ Powder | 84g,"[
  ""Marine Collagen Peptides"",
  ""Fish"",
  ""Jerusalem Artichoke Inulin"",
  ""Tremella Fuciformis"",
  ""Tremella Mushroom Powder"",
  ""Antioxidant"",
  ""Ascorbic Acid"",
  ""Amla Fruit Powder"",
  ""Sea Buckthorn Juice Powder"",
  ""Lemon Juice Powder"",
  ""Natural Mixed Berry Flavour"",
  ""Grapeseed Extract Powder"",
  ""Sweetener"",
  ""Monk Fruit Extract"",
  ""Stabiliser"",
  ""Guar Gum"",
  ""Certified Organic""
]
"
Red Tractor Paleo Protein Mix | 300g,"[
  ""Flaxseed Brown"",
  ""Kibbled Sunflower Seeds"",
  ""Natural Diced Almonds"",
  ""Golden Flax Crumble"",
  ""Chia Seeds"",
  ""Pumpkin Seeds"",
  ""Sesame Seeds""
]"
Coles Perform Plant Protein Powder Chocolate | 500g,"[
  ""Plant Protein Blend"",
  ""Yellow Pea Protein"",
  ""Brown Rice Protein"",
  ""Faba Bean Protein"",
  ""Cocoa Powder"",
  ""Prebiotic Dietary Fibre"",
  ""Inulin"",
  ""Natural Flavouring"",
  ""Natural Sweeteners"",
  ""Erythritol"",
  ""Thaumatin"",
  ""Himalayan Pink Salt""
]"
BSc Bodyscience Energy Drink Lime Crush | 500mL,"[
  ""Carbonated Water"",
  ""Carbon Dioxide"",
  ""Taurine"",
  ""Acidity Regulators"",
  ""Citric Acid"",
  ""Malic Acid"",
  ""Flavours"",
  ""Glucuronolactone"",
  ""Sweeteners"",
  ""Sucralose"",
  ""Acesulfame Potassium"",
  ""Caffeine Anhydrous"",
  ""Preservative"",
  ""Sodium Benzoate"",
  ""Vitamins"",
  ""Niacin"",
  ""Vitamin B3"",
  ""Vitamin B6"",
  ""Vitamin B12"",
  ""Colours"",
  ""Tartrazine"",
  ""Sunset Yellow"",
  ""Brilliant Blue""
]"
Mayvers Low Carb Collagen Protein Vanilla White Chocolate | 280g,"[
  ""Hydrolysed Collagen Peptides"",
  ""Bovine"",
  ""Chicory Root Prebiotic Fibre"",
  ""Inulin"",
  ""Coconut MCT Oil Powder"",
  ""Natural Vanilla Flavour"",
  ""Natural White Choc Flavour"",
  ""Coconut Milk Powder"",
  ""Guar Gum"",
  ""Stevia"",
  ""Sunflower Lecithin""
]"
Mayvers Low Carb Collagen Protein Double Choc Fudge | 280g,"[
  ""Hydrolysed Collagen Peptide"",
  ""Bovine"",
  ""Cocoa Powder"",
  ""Chicory Root Prebiotic Fibre"",
  ""Inulin"",
  ""Coconut MCT Oil"",
  ""Natural Chocolate Flavour"",
  ""Raw Cacao Powder"",
  ""Natural Caramel Flavour"",
  ""Guar Gum"",
  ""Stevia"",
  ""Sunflower Lecithin""
]"
Mayvers Low Carb Collagen Protein Creamy Chocolate Peanut Butter | 280g,"[
  ""Hydrolysed Collagen Peptides"",
  ""Bovine"",
  ""Peanut Flour"",
  ""Chicory Root Prebiotic Fibre"",
  ""Inulin"",
  ""Coconut MCT Oil"",
  ""Natural Chocolate Flavour"",
  ""Raw Cacao Powder"",
  ""Natural Caramel Flavour"",
  ""Guar Gum"",
  ""Stevia"",
  ""Salt"",
  ""Sunflower Lecithin""
]"
Tropeaka Pro Gut+ Powder | 84g,"[
  ""Prebiotic Blend"",
  ""Green Banana Resistant Starch Powder"",
  ""Jerusalem Artichoke Inulin Powder"",
  ""Sunfiber"",
  ""Partially Hydrolysed Guar Gum"",
  ""Fermented Blend"",
  ""Mung Beans"",
  ""Brown Rice"",
  ""Red Lentils"",
  ""Chick Peas"",
  ""Flaxseed"",
  ""Millet"",
  ""Quinoa"",
  ""Natural Berry Flavour"",
  ""Saccharomyces Cerevisiae"",
  ""Boulardii"",
  ""Sweetener"",
  ""Monk Fruit Extract"",
  ""Stabiliser"",
  ""Acacia"",
  ""Certified Organic""
]"
Rapid Loss Gluten Free Banana Meal Replacement Shake | 740g,"[
  ""Milk Solids"",
  ""Skim Milk Powder"",
  ""Whey Protein Concentrate"",
  ""Whey"",
  ""Milk"",
  ""Vegetable Oil"",
  ""Emulsifier"",
  ""Soy Lecithin"",
  ""Polydextrose"",
  ""Fructose"",
  ""Beverage Whitener"",
  ""Glucose Syrup Solids"",
  ""Hydrogenated Vegetable Oil"",
  ""Milk Protein"",
  ""Mineral Salts 340"",
  ""Mineral Salts 451"",
  ""Mineral Salts 452"",
  ""Emulsifiers 471"",
  ""Emulsifiers 481"",
  ""Soy Lecithin"",
  ""Anti Caking Agent 551"",
  ""Flavour"",
  ""Vegetable Gum 407"",
  ""Vegetable Gum 415"",
  ""Modified Starch 1442"",
  ""Minerals"",
  ""Magnesium Oxide"",
  ""Sodium Phosphate"",
  ""Ferric Pyrophosphate"",
  ""Zinc Sulphate"",
  ""Cupric Sulphate"",
  ""Chromium Chloride"",
  ""Manganese Sulphate"",
  ""Sodium Molybdate"",
  ""Potassium Iodide"",
  ""Sodium Selenite"",
  ""Soluble Corn Fibre"",
  ""Guarana Extract"",
  ""Vitamins"",
  ""Vitamin C"",
  ""Vitamin E"",
  ""Niacin"",
  ""Pantothenic Acid"",
  ""Riboflavin"",
  ""Pyridoxine"",
  ""Thiamin"",
  ""Vitamin A"",
  ""Folic Acid"",
  ""Vitamin K"",
  ""Biotin"",
  ""Vitamin D"",
  ""Vitamin B12"",
  ""Natural Colour 160e"",
  ""Natural Colour 100"",
  ""Sweetener"",
  ""Sucralose"",
  ""Milk"",
  ""Soy""
]"
Rapid Loss Gluten Free Chocolate Meal Replacement Shake | 740g,"[
  ""Milk Solids"",
  ""Skim Milk Powder"",
  ""Whey Protein Concentrate"",
  ""Milk"",
  ""Soy"",
  ""Polydextrose"",
  ""Cocoa Powder"",
  ""Beverage Whitener"",
  ""Glucose Syrup Solids"",
  ""Hydrogenated Vegetable Oil"",
  ""Milk Protein"",
  ""Mineral Salts 340"",
  ""Mineral Salts 451"",
  ""Mineral Salts 452"",
  ""Emulsifiers 471"",
  ""Emulsifiers 481"",
  ""Soy Lecithin"",
  ""Anti Caking Agent 551"",
  ""Flavour"",
  ""Fructose"",
  ""Modified Starch 1442"",
  ""Vegetable Gum 407"",
  ""Vegetable Gum 415"",
  ""Minerals"",
  ""Magnesium Oxide"",
  ""Sodium Phosphate"",
  ""Ferric Pyrophosphate"",
  ""Zinc Sulphate"",
  ""Cupric Sulphate"",
  ""Chromium Chloride"",
  ""Manganese Sulphate"",
  ""Sodium Molybdate"",
  ""Potassium Iodide"",
  ""Sodium Selenite"",
  ""Soluble Corn Fibre"",
  ""Guarana Extract"",
  ""Vitamins"",
  ""Vitamin C"",
  ""Vitamin E"",
  ""Niacin"",
  ""Pantothenic Acid"",
  ""Riboflavin"",
  ""Pyridoxine"",
  ""Thiamin"",
  ""Vitamin A"",
  ""Folic Acid"",
  ""Vitamin K"",
  ""Biotin"",
  ""Vitamin D"",
  ""Vitamin B12"",
  ""Sweetener"",
  ""Sucralose"",
  ""Milk"",
  ""Soy""
]"
Crankt Premium Protein Shake Chocolate | 400mL,"[
  ""Water"",
  ""Milk Solids"",
  ""Milk Protein Powder"",
  ""Caseinate"",
  ""Cocoa Powders"",
  ""Stabilisers"",
  ""Gellan Gum Sodium Phosphate Dibasic"",
  ""Cellulose Gel"",
  ""Cellulose Gum"",
  ""Carrageenan"",
  ""Flavours"",
  ""Dietary Fibre"",
  ""Inulin"",
  ""Guarana"",
  ""Caffeine"",
  ""Salt"",
  ""Ginseng Extract"",
  ""Sucralose"",
  ""Acidity Regulator"",
  ""Disodium Phosphate""
]"
Crankt Premium Protein Shake Choc Honeycomb | 400mL,"[
  ""Water"",
  ""Milk Solids"",
  ""Milk Protein Powder"",
  ""Caseinate"",
  ""Cocoa Powders"",
  ""Stabilisers"",
  ""Cellulose Gel"",
  ""Cellulose Gum"",
  ""Carrageenan"",
  ""Sodium Polyphosphates"",
  ""Emulsifier"",
  ""Mono Diglycerides Of Fatty Acids"",
  ""Flavour"",
  ""Dietary Fibre"",
  ""Inulin"",
  ""Guarana"",
  ""Caffeine"",
  ""Salt"",
  ""Sucralose"",
  ""Ginseng Extract"",
  ""Milk""
]
"
Crankt Premium Protein Shake Banana | 400mL,"[
  ""Water"",
  ""Milk Solids"",
  ""Milk Protein Powder"",
  ""Caseinate"",
  ""Stabilisers"",
  ""Gellan Gum"",
  ""Sodium Polyphosphate Dibasic"",
  ""Cellulose Gel"",
  ""Cellulose Gum"",
  ""Carrageenan"",
  ""Dietary Fibre"",
  ""Inulin"",
  ""Flavour"",
  ""Guarana"",
  ""Caffeine"",
  ""Ginseng Extract"",
  ""Sucralose"",
  ""Colour"",
  ""Turmeric"",
  ""Acidity Regulator"",
  ""Disodium Phosphate""
]"
Musashi Shred & Burn Chocolate Protein Shake | 375mL,"[
  ""Water"",
  ""Sodium Caseinate"",
  ""Vegetable Fat Powder"",
  ""Soy"",
  ""Emulsifiers 471"",
  ""Emulsifiers 472c"",
  ""Stabilisers 339"",
  ""Stabilisers 450"",
  ""Cocoa Powder"",
  ""Stabilisers 407"",
  ""Stabilisers 418"",
  ""Stabilisers 399"",
  ""Stabilisers 460"",
  ""Stabilisers 466"",
  ""Flavours"",
  ""Salt"",
  ""Green Tea Extract"",
  ""L Carnitine"",
  ""Sweetener 955"",
  ""Acidity Regulator 301"",
  ""Milk"",
  ""Soy""
]"
Musashi High Protein Shake Iced Chocolate | 375mL,"[
  ""Skim Milk"",
  ""Calcium Caseinate"",
  ""Whey Protein Isolate"",
  ""Dextrose"",
  ""Maltodextrin"",
  ""Whey Protein Concentrate"",
  ""Fructo Oligosaccharides"",
  ""Cocoa Powder"",
  ""Stabilisers 407"",
  ""Stabilisers 412"",
  ""Emulsifiers 471"",
  ""Soy Lecithin"",
  ""Flavour"",
  ""Acidity Regulator 500"",
  ""Sweetener 955""
]"
BSc Bodyscience Protein Water Musk Sticks | 355mL,"[
  ""Carbonated Water"",
  ""Carbon Dioxide"",
  ""Hydrolysed Collagen Peptides"",
  ""Bovine"",
  ""Acidity Regulators"",
  ""Tartaric Acid"",
  ""Citric Acid"",
  ""Malic Acid"",
  ""Flavours"",
  ""Sweetener"",
  ""Sucralose"",
  ""Preservative"",
  ""Sodium Benzoate"",
  ""Colour"",
  ""Allura Red""
]"
Atkins Low Carb Chocolate Flavoured Shake Mix | 330g,"[
  ""Protein Blend"",
  ""Calcium Caseinate"",
  ""Whey Protein Concentrate"",
  ""Soy Protein Isolate"",
  ""Sunflower Oil"",
  ""Inulin"",
  ""Cocoa Powder"",
  ""Corn Syrup Solids"",
  ""Minerals"",
  ""Potassium"",
  ""Calcium"",
  ""Magnesium"",
  ""Iron"",
  ""Zinc"",
  ""Iodide"",
  ""Flavours"",
  ""Vegetable Gum 415"",
  ""Sodium Caseinate"",
  ""Salt"",
  ""Maltodextrin"",
  ""Emulsifier 471"",
  ""Emulsifier 322"",
  ""Anticaking Agent 551"",
  ""Sweetener"",
  ""Sucralose"",
  ""Vitamins"",
  ""Vitamin A"",
  ""Vitamin B1"",
  ""Vitamin B2"",
  ""Vitamin B3"",
  ""Vitamin B6"",
  ""Vitamin B12"",
  ""Vitamin C"",
  ""Vitamin D3"",
  ""Vitamin E"",
  ""Folic Acid""
]"
Atkins Low Carb Vanilla Flavoured Protein Shake Mix | 310g,"[
  ""Protein Blend"",
  ""Calcium Caseinate"",
  ""Whey Protein Concentrate"",
  ""Soy Protein Isolate"",
  ""Sunflower Oil"",
  ""Inulin"",
  ""Corn Syrup Solids"",
  ""Minerals"",
  ""Potassium"",
  ""Calcium"",
  ""Magnesium"",
  ""Iron"",
  ""Zinc"",
  ""Iodide"",
  ""Flavours"",
  ""Vegetable Gum 415"",
  ""Sodium Caseinate"",
  ""Salt"",
  ""Maltodextrin"",
  ""Emulsifier 471"",
  ""Emulsifier 322"",
  ""Sweetener"",
  ""Sucralose"",
  ""Anticaking Agent 551"",
  ""Vitamins"",
  ""Vitamin A"",
  ""Vitamin B1"",
  ""Vitamin B2"",
  ""Vitamin B3"",
  ""Vitamin B6"",
  ""Vitamin B12"",
  ""Vitamin C"",
  ""Vitamin D3"",
  ""Vitamin E"",
  ""Folic Acid""
]"
Musashi Energy Drink Lemonade | 500mL,"[
  ""Carbonated Water"",
  ""Citrulline Malate"",
  ""Acidity Regulators"",
  ""Citric Acid"",
  ""Sodium Citrate"",
  ""Beta Alanine"",
  ""Branched Chain Amino Acids"",
  ""L Leucine"",
  ""L Isoleucine"",
  ""L Valine"",
  ""Emulsifier"",
  ""Soy Lecithin"",
  ""Flavours"",
  ""Sweetener"",
  ""Sucralose"",
  ""N Acetyl L Tyrosine"",
  ""Caffeine"",
  ""Preservative"",
  ""Sodium Benzoate"",
  ""Vitamins"",
  ""Vitamin B3"",
  ""Vitamin B6"",
  ""Vitamin B12""
]"
C4 Smart Energy Drink Watermelon Burst | 473mL,"[
  ""Carbonated Water"",
  ""Taurine"",
  ""Acidity Regulators"",
  ""Malic Acid"",
  ""Citric Acid"",
  ""Sodium Citrate"",
  ""Natural Flavours"",
  ""Sweeteners"",
  ""Sucralose"",
  ""Acesulfame Potassium"",
  ""Preservative"",
  ""Potassium Benzoate"",
  ""InnovaTea Green Tea Extract"",
  ""Caffeine"",
  ""Inositol"",
  ""Vitamins"",
  ""Niacin"",
  ""D Calcium Pantothenate"",
  ""Vitamin B12""
]"
Muscle Nation Zero Sugar Energy Drink Raspberry Lemonade | 500mL,"[
  ""Carbonated Water"",
  ""Natural Sweetener"",
  ""Erythritol"",
  ""Natural Flavours"",
  ""Acacia Gum"",
  ""Food Acids"",
  ""Malic Acid"",
  ""Branched Chain Amino Acids"",
  ""L Leucine"",
  ""L Isoleucine"",
  ""L Valine"",
  ""Flavour"",
  ""Caffeine"",
  ""Sweetener"",
  ""Sucralose"",
  ""Inositol"",
  ""Vitamins"",
  ""Vitamin C"",
  ""Vitamin B3"",
  ""Vitamin B5"",
  ""Vitamin B6"",
  ""Vitamin B12"",
  ""Natural Colour"",
  ""Red Radish Extract"",
  ""Purple Carrot Extract""
]"
Oxyshred Ultra Energy Drink Juicy Watermelon | 355mL,"[
  ""Filtered Sparkling Carbonated Water"",
  ""L Carnitine Tartrate"",
  ""Natural Flavor"",
  ""Acidity Regulators"",
  ""Malic Acid"",
  ""Citric Acid"",
  ""Fumaric Acid"",
  ""Sodium Citrate"",
  ""Taurine"",
  ""Sweetener"",
  ""Sucralose"",
  ""N Acetyl L Tyrosine"",
  ""Caffeine Anhydrous"",
  ""Bitter Orange Extract"",
  ""Inositol"",
  ""Preservative"",
  ""Potassium Sorbate"",
  ""Green Tea Extract"",
  ""Ascorbic Acid"",
  ""Vitamin C"",
  ""Nicotinamide"",
  ""Vitamin B3"",
  ""Guar Gum"",
  ""Guarana Seed Extract"",
  ""Spirulina Extract"",
  ""Chromium Picolinate"",
  ""Thiamine Hydrochloride"",
  ""Vitamin B1"",
  ""Riboflavin"",
  ""Vitamin B2"",
  ""Calcium Pantothenate"",
  ""Vitamin B5"",
  ""Pyridoxine Hydrochloride"",
  ""Vitamin B6"",
  ""Vitamin B12""
]"
Lean Whey by Genetix Nutrition,"[
  ""Energy"",
  ""Protein"",
  ""Gluten"",
  ""Fat Total"",
  ""Fat Saturated"",
  ""Carbohydrates"",
  ""Sugar"",
  ""Dietary Fibre"",
  ""Polydextrose"",
  ""Sodium"",
  ""Potassium"",
  ""Calcium"",
  ""Essential Amino Acid Histidine"",
  ""Isoleucine"",
  ""Leucine"",
  ""Lysine"",
  ""Methionine"",
  ""Phenylalanine"",
  ""Threonine"",
  ""Tryptophan"",
  ""Valine"",
  ""Non Essential Amino Acid Alanine"",
  ""Asparagine"",
  ""Aspartic Acid"",
  ""Cysteine"",
  ""Glutamic Acid"",
  ""Glutamine"",
  ""Glycine"",
  ""Proline"",
  ""Serine"",
  ""Tyrosine"",
  ""Arginine"",
  ""Ingredients"",
  ""Genetix Nutrition Proprietary Protein Blend"",
  ""Whey Protein Concentrate"",
  ""Micellar Casein"",
  ""Whey Protein Isolate"",
  ""Calcium Caseinate"",
  ""Cocoa"",
  ""Flavours"",
  ""L Glutamine"",
  ""Glycine"",
  ""Polydextrose"",
  ""BCAA Blend"",
  ""L Leucine"",
  ""L Isoleucine"",
  ""L Valine"",
  ""Emulsifier"",
  ""Soy Lecithin"",
  ""Thickener"",
  ""Xanthan Gum"",
  ""Sweetener"",
  ""Sucralose"",
  ""Milk"",
  ""Soy"",
  ""Tree Nuts"",
  ""Sesame Seeds"",
  ""Eggs""
]"
Lean WPI by Genetix Nutrition,"[
  ""Energy"",
  ""Protein"",
  ""Gluten"",
  ""Fat Total"",
  ""Fat Saturated"",
  ""Carbohydrate"",
  ""Sugars"",
  ""Lactose"",
  ""Sodium"",
  ""Potassium"",
  ""Essential Amino Acids"",
  ""Leucine"",
  ""Lysine"",
  ""Threonine"",
  ""Valine"",
  ""Isoleucine"",
  ""Phenylalanine"",
  ""Methionine"",
  ""Histidine"",
  ""Tryptophan"",
  ""Non Essential Amino Acids"",
  ""Glutamic Acid"",
  ""Aspartic Acid"",
  ""Proline"",
  ""Serine"",
  ""Alanine"",
  ""Tyrosine"",
  ""Arginine"",
  ""Cysteine"",
  ""Glycine"",
  ""Minerals"",
  ""Calcium"",
  ""Phosphorus"",
  ""Magnesium"",
  ""Other Ingredients"",
  ""Whey Protein Isolate"",
  ""Milk"",
  ""Emulsifier"",
  ""Soy Lecithin"",
  ""Sunflower Lecithin"",
  ""Flavours"",
  ""Thickener"",
  ""Xanthan Gum"",
  ""Anti Caking Agent 551"",
  ""Sweetener"",
  ""Sucralose"",
  ""DigeZyme"",
  ""Digestive Enzyme Blend"",
  ""Alpha Amylase"",
  ""Protease"",
  ""Lipase"",
  ""Cellulase"",
  ""Lactase"",
  ""Salt"",
  ""Milk"",
  ""Soy"",
  ""Egg""
]"
Primal By Anabolix Nutrition,"[
  ""Energy"",
  ""Protein"",
  ""Fat Total"",
  ""Fat Saturated"",
  ""Carbohydrate"",
  ""Sugars"",
  ""Sodium"",
  ""Potassium"",
  ""Essential Amino Acid Histidine"",
  ""Isoleucine"",
  ""Leucine"",
  ""Lysine"",
  ""Methionine"",
  ""Phenylalanine"",
  ""Threonine"",
  ""Tryptophan"",
  ""Valine"",
  ""Non Essential Amino Acid Alanine"",
  ""Asparagine"",
  ""Aspartic Acid"",
  ""Cysteine"",
  ""Glutamic Acid"",
  ""Glutamine"",
  ""Glycine"",
  ""Proline"",
  ""Serine"",
  ""Tyrosine"",
  ""Arginine"",
  ""Calcium"",
  ""Ingredients"",
  ""Anabolix Proprietary Protein Blend"",
  ""Whey Protein Concentrate"",
  ""Milk Protein Concentrate"",
  ""Whey Protein Isolate"",
  ""Milk"",
  ""Emulsifier Soy"",
  ""Sunflower Lecithin"",
  ""L Glutamine"",
  ""Polydextrose"",
  ""Flavour"",
  ""Glycine"",
  ""BCAAs"",
  ""L Leucine"",
  ""L Isoleucine"",
  ""L Valine"",
  ""Cocoa Powder"",
  ""Thickener 415"",
  ""Sweetener 955"",
  ""DigeZyme"",
  ""Digestive Enzyme Blend"",
  ""Alpha Amylase"",
  ""Protease"",
  ""Lipase"",
  ""Cellulase"",
  ""Lactase"",
  ""Salt"",
  ""Milk"",
  ""Soy"",
  ""Egg"",
  ""Gluten Free""
]"
R1 Protein WPI by Rule 1 Proteins,"[
  ""Energy"",
  ""Fat"",
  ""Saturated Fat"",
  ""Trans Fat"",
  ""Cholesterol"",
  ""Carbohydrates"",
  ""Sugars"",
  ""Added Sugars"",
  ""Fiber"",
  ""Proteins"",
  ""Salt"",
  ""Vitamin D"",
  ""Vitamin D3"",
  ""Potassium"",
  ""Calcium"",
  ""Iron""
]"
R1 Whey Blend by Rule 1 Proteins,"[
  ""Energy"",
  ""Fat"",
  ""Saturated Fat"",
  ""Carbohydrates"",
  ""Sugars"",
  ""Fiber"",
  ""Proteins"",
  ""Salt""
]"
,
Maybelline New York Sky High Mascara,"[
  ""Aqua"",
  ""Water"",
  ""Propylene Glycol"",
  ""Styrene Acrylates Ammonium Methacrylate Copolymer"",
  ""Polyurethane 35"",
  ""Cera Alba"",
  ""Beeswax"",
  ""Synthetic Fluorphlogopite"",
  ""Glyceryl Stearate"",
  ""Cetyl Alcohol"",
  ""PEG 200 Glyceryl Stearate"",
  ""Ethylenediamine Stearyl Dimer Dilinoleate Copolymer"",
  ""Copernicia Cerifera Cera"",
  ""Carnauba Wax"",
  ""Stearic Acid"",
  ""Palmitic Acid"",
  ""Ethylene VA Copolymer"",
  ""Alcohol Denat"",
  ""Paraffin"",
  ""Aminomethyl Propanediol"",
  ""Phenoxyethanol"",
  ""Caprylyl Glycol"",
  ""Glycerin"",
  ""Hydroxyethylcellulose"",
  ""Butylene Glycol"",
  ""Rayon"",
  ""Xanthan Gum"",
  ""Caprylic Capric Triglyceride"",
  ""Sodium Laureth Sulfate"",
  ""Disodium EDTA"",
  ""Myristic Acid"",
  ""Tetrasodium EDTA"",
  ""Pentaerythrityl Tetra Di T Butyl Hydroxyhydrocinnamate"",
  ""Potassium Sorbate"",
  ""Silica"",
  ""Soluble Collagen"",
  ""Bambusa Vulgaris Extract"",
  ""Trisodium EDTA"",
  ""CI 77491"",
  ""CI 77492"",
  ""CI 77499"",
  ""Iron Oxides"",
  ""CI 77007"",
  ""Ultramarines"",
  ""Mica"",
  ""CI 77891"",
  ""Titanium Dioxide"",
  ""CI 75470"",
  ""Carmine"",
  ""CI 77288"",
  ""Chromium Oxide Greens"",
  ""CI 77742"",
  ""Manganese Violet"",
  ""CI 77510"",
  ""Ferric Ferrocyanide""
]"
Maybelline New York HyperEasy Brush Tip Liquid Liner - Pitch Black,"[
  ""Aqua"",
  ""Water"",
  ""Eau"",
  ""Styrene Acrylates Copolymer"",
  ""Propylene Glycol"",
  ""Laureth 21"",
  ""Pentylene Glycol"",
  ""PEG 40 Hydrogenated Castor Oil"",
  ""Phenoxyethanol"",
  ""Ammonium Acrylates Copolymer"",
  ""Caprylyl Glycol"",
  ""PPG 2 Deceth 30"",
  ""Sodium Dehydroacetate"",
  ""Sodium Lauryl Sulfate"",
  ""Disodium Laureth Sulfosuccinate"",
  ""CI 77266"",
  ""Black 2""
]"
VT COSMETICS Daily Soothing Mask 30Ea,"[
  ""Water"",
  ""Glycerin"",
  ""DPG"",
  ""Hexandiol"",
  ""Polyglyceryl"",
  ""Caprylyl Glycol"",
  ""Daiwikyo Fruit Extract"",
  ""Trehalose"",
  ""Grapefruit Seed Extract"",
  ""Sodium Hyaluronic Acid"",
  ""Arginine"",
  ""Panthenol"",
  ""Ethylhexyl Glycerin"",
  ""Tvoca Extract"",
  ""Madecassoside"",
  ""Madecassic Acid"",
  ""Propolis Extract"",
  ""Carbomer"",
  ""Xanthan Gum"",
  ""EDTA 2Na"",
  ""Glycyrrhizinate"",
  ""BG"",
  ""Honey Extract"",
  ""Siberian Ginseng Extract"",
  ""Royal Jelly Extract"",
  ""Chamomile Flower Extract"",
  ""Flucutan"",
  ""Xylitylglucoside"",
  ""Xylitol"",
  ""Glucose"",
  ""Serine"",
  ""Glutamate"",
  ""Asparagine Acid"",
  ""Leucine"",
  ""Alanine"",
  ""Lysine"",
  ""Arginine"",
  ""Thyroxine"",
  ""Phenylalanine"",
  ""Threonine"",
  ""Proline"",
  ""Valine"",
  ""Isoleucine"",
  ""Histidine"",
  ""Methionine"",
  ""Cysteine"",
  ""Fragrance""
]"
"essence Cosmetics Extreme Shine Volume Lipgloss 0.5 ml, 02 Summer Punch","[
""Octyldodecanol"",
""Polybutene"",
""Hydrogenated Polyisobutene"",
""Hydrogenated Styrene Isoprene Copolymer"",
""Caprylic Capric Triglyceride"",
""Pentaerythrityl Tetra Di T Butyl Hydroxyhydrocinnamate"",
""Ethyl Vanillin"",
""Parfum Fragrance"",
""Ci 15850"",
""Red 6"",
""Ci 45410"",
""Red 28 Lake""
]"
"e.l.f. Monochromatic Multi Stick, Luxuriously Creamy & Blendable Color, For Eyes, Lips & Cheeks, Dazzling Peony, 0.17 Oz","[
  ""Silica"",
  ""Triethylhexanoin"",
  ""Dimethicone"",
  ""Synthetic Fluorphlogopite"",
  ""Cetyl Ethylhexanoate"",
  ""Hydrogenated Polydecene"",
  ""Synthetic Wax"",
  ""Isononyl Isononanoate"",
  ""Mica"",
  ""Microcrystalline Wax"",
  ""Sorbitan Sesquiisostearate"",
  ""Caprylyl Glycol"",
  ""Tin Oxide"",
  ""Tocopheryl Acetate"",
  ""Caesalpinia Sappan Bark Extract"",
  ""Titanium Dioxide"",
  ""Ci 77891"",
  ""Red Iron Oxide"",
  ""Ci 77491"",
  ""Blue 1""
]"
"NYX Professional Makeup, liquid lipstick, High Shine & Sheer Coverage, Butter Gloss, Shade: Creme Brulee, 8 ml","[
  ""Mineral Oil"",
  ""Paraffinum Liquidum"",
  ""Huile Minérale"",
  ""Polybutene"",
  ""Diisostearyl Malate"",
  ""Beeswax"",
  ""Cera Alba"",
  ""Cire D'Abeille"",
  ""Ceresin"",
  ""Silica Dimethyl Silylate"",
  ""Polyethylene"",
  ""Sorbitansesquioleate"",
  ""Phenoxyethanol"",
  ""Fragrance"",
  ""Parfum"",
  ""Titanium Dioxide"",
  ""Ci 77891"",
  ""Iron Oxides"",
  ""Ci 77499"",
  ""Ci 77491"",
  ""Ci 77492"",
  ""Manganese Violet"",
  ""Ci 77742"",
  ""Red 6"",
  ""Ci 15850"",
  ""Red 7 Lake"",
  ""Red 28 Lake"",
  ""Ci 45410"",
  ""Yellow 6 Lake"",
  ""Ci 15985"",
  ""Yellow 5 Lake"",
  ""Ci 19140""
]"
PrimeLash Mascara,"[
  ""Aqua Water"",
  ""Styrene Acrylates Copolymer"",
  ""Synthetic Candelilla Wax"",
  ""Beeswax"",
  ""Polyvinyl Alcohol"",
  ""Ci 77499"",
  ""Glycerin"",
  ""Stearic Acid"",
  ""Glyceryl Monostearate"",
  ""Cetostearyl Alcohol"",
  ""Polysorbate 80"",
  ""Triethanolamine"",
  ""Hydroxyethyl Cellulose"",
  ""Methylparaben"",
  ""Propylparaben"",
  ""Parfum""
]"
"e.l.f. Power Grip Primer + 4% Niacinamide, Gel-Based & Hydrating Face Primer, Evens Skin & Brightens, Grips Makeup, Vegan & Cruelty-Free, 0.8 Fl Oz","[
  ""Water Aqua"",
  ""Butylene Glycol"",
  ""Glycerin"",
  ""Niacinamide"",
  ""Peg Distearate"",
  ""Polysorbate 80"",
  ""Tocopherol"",
  ""Hylocereus Undatus Fruit Extract"",
  ""Sodium Hyaluronate"",
  ""Peg Hdi Copolymer Bis Decyltetradeceth Ether"",
  ""Potassium Laurate"",
  ""Hexanediol"",
  ""Hydroxyacetophenone"",
  ""Disodium Edta"",
  ""Pentylene Glycol"",
  ""Phenoxyethanol"",
  ""Ethylhexylglycerin"",
  ""Caprylyl Glycol"",
  ""Red 40"",
  ""Ci 16035"",
  ""Yellow 5"",
  ""Ci 19140""
]"
"Lumi Glotion Glotion, Shade 902","[
  ""Aqua Water Eau"",
  ""Glycerin"",
  ""Cyclohexasiloxane"",
  ""Alcohol Denat"",
  ""Synthetic Fluorphlogopite"",
  ""Butyrospermum Parkii Butter"",
  ""Shea Butter"",
  ""Dimethicone"",
  ""Ammonium Polyacryloyldimethyltaurate"",
  ""Polyglyceryl Distearate"",
  ""Mica"",
  ""Ci 77891"",
  ""Titanium Dioxide"",
  ""Polysilicone 11"",
  ""Phenoxyethanol"",
  ""Pentaerythrityl Tetraethylhexanoate"",
  ""Ci 77491"",
  ""Iron Oxides"",
  ""Jojoba Esters"",
  ""Capryloyl Salicylic Acid"",
  ""Caprylyl Glycol"",
  ""Polyacrylamide"",
  ""Boron Nitride"",
  ""Polyglyceryl Beeswax"",
  ""Cetyl Alcohol"",
  ""C Isoparaffin"",
  ""Adenosine"",
  ""Disodium Edta"",
  ""Laureth 7"",
  ""Sodium Hydroxide"",
  ""Tin Oxide"",
  ""Citric Acid""
]"
Bright Reveal Dark Spot 25% [AHA + BHA + PHA] + Niacinamide Exfoliant Peel,"[
  ""Aqua Water"",
  ""Alcohol Denat"",
  ""Lactic Acid"",
  ""Glycolic Acid"",
  ""Gluconolactone"",
  ""Propanediol"",
  ""Sodium Hydroxide"",
  ""Glycerin"",
  ""Silica"",
  ""Salicylic Acid"",
  ""Mica"",
  ""Mandelic Acid"",
  ""Polyacrylate Crosspolymer"",
  ""Ci 77891"",
  ""Titanium Dioxide"",
  ""Hydroxyethylcellulose"",
  ""Ethyl Menthane Carboxamide"",
  ""Niacinamide"",
  ""Xanthan Gum"",
  ""Parfum Fragrance"",
  ""Trisodium Ethylenediamine Disuccinate"",
  ""Ci 19140"",
  ""Yellow 5"",
  ""Ci 42090"",
  ""Blue 1""
]"
Elvive Glycolic Gloss 5 Minute Lamination,"[
  ""Aqua Water Eau"",
  ""Cetearyl Alcohol"",
  ""Behentrimonium Chloride"",
  ""Amodimethicone"",
  ""Ci 77891"",
  ""Titanium Dioxide"",
  ""Ci 17200"",
  ""Red 33"",
  ""Ci 19140"",
  ""Yellow 5"",
  ""Mica"",
  ""Hydroxycitronellal"",
  ""Phenoxyethanol"",
  ""Trideceth 6"",
  ""Limonene"",
  ""Benzoic Acid"",
  ""Linalool"",
  ""Isopropyl Alcohol"",
  ""Potassium Hydroxide"",
  ""Cetrimonium Chloride"",
  ""Hexyl Cinnamal"",
  ""Glycolic Acid"",
  ""Parfum Fragrance""
]"
Infallible Infallible 3-Second Setting Mist,"[
  ""Alcohol Denat"",
  ""Dimethyl Ether"",
  ""Aqua Water"",
  ""Va Crotonates Vinyl Neodecanoate Copolymer"",
  ""Aminomethyl Propanol"",
  ""Triethyl Citrate"",
  ""Benzyl Salicylate"",
  ""Linalool"",
  ""Benzyl Alcohol"",
  ""Alpha Isomethyl Ionone"",
  ""Octylacrylamide Acrylates Butylaminoethyl Methacrylate Copolymer"",
  ""Citronellol"",
  ""Hexyl Cinnamal"",
  ""Parfum Fragrance""
]"
MILANI - Make It Last Setting Spray Prime + Correct + Set - 2.03 fl. oz. (60 ml),"[
  ""Water Aqua"",
  ""Alcohol Denat"",
  ""Niacinamide"",
  ""Pvp"",
  ""Pentylene Glycol"",
  ""Glycerin"",
  ""Phenoxyethanol"",
  ""Poloxamer 407"",
  ""Peg Hydrogenated Castor Oil"",
  ""Pseudoalteromonas Ferment Extract"",
  ""Fragrance Parfum"",
  ""Butylphenyl Methylpropional"",
  ""Limonene"",
  ""Cures Nos Watermelon Fruit Extract"",
  ""Sodium Benzoate"",
  ""Citrulline"",
  ""Caprylyl Glycol"",
  ""Potassium Sorbate""
]"
"Rimmel London Hide The Blemish Concealer, Natural Beige","[
  ""Isopropyl Palmitate"",
  ""Cetearyl Ethylhexanoate"",
  ""Paraffin"",
  ""Talc"",
  ""Polyethylene"",
  ""Caprylic Capric Triglyceride"",
  ""Microcristallina Cera"",
  ""Microcrystalline Wax"",
  ""Cire Microcrystalline"",
  ""Polyisobutene"",
  ""Mica"",
  ""Silica"",
  ""Vp Eicosene Copolymer"",
  ""Zea Mays Corn Starch"",
  ""Lecithin"",
  ""Sorbitan Sesquioleate"",
  ""Phenoxyethanol"",
  ""Methylparaben"",
  ""Tocopheryl Acetate"",
  ""Propylparaben"",
  ""Synthetic Wax"",
  ""Ethylparaben"",
  ""Titanium Dioxide"",
  ""Ci 77891"",
  ""Iron Oxides"",
  ""Ci 77491"",
  ""Ci 77492"",
  ""Ci 77499"",
  ""Barium Sulfate"",
  ""Ci 77120""
]"
Lip I.V Hyrdating Lip Gloss Stain,
Dove Triple Moisturising Body Wash 1 L,"[
  ""Water"",
  ""Cocamidopropyl Betaine"",
  ""Sodium Cocoyl Isethionate"",
  ""Sodium Methyl Lauroyl Taurate"",
  ""Fragrance"",
  ""Glycerin"",
  ""Sodium Chloride"",
  ""Glycol Distearate"",
  ""Phenoxyethanol"",
  ""Carbomer"",
  ""Citric Acid"",
  ""Sodium Benzoate"",
  ""Coconut Acid"",
  ""Stearic Acid"",
  ""Palmitic Acid"",
  ""Peg Laurate"",
  ""Sodium Isethionate"",
  ""Lauric Acid"",
  ""Tetrasodium Edta"",
  ""Sodium Methyltaurate"",
  ""Peg Pentaerythrityl Tetrastearate"",
  ""Ppg Hydroxyethyl Cocamide"",
  ""Iodopropynyl Butylcarbamate"",
  ""Ppg""
]"
"COSRX Snail Mucin 96% Power Repairing Essence 100ml, Hydrating Serum for Face with Snail Secretion Filtrate for Dull Skin & Fine Lines, Korean Skincare","[
  ""Snail Secretion Filtrate"",
  ""Betaine"",
  ""Butylene Glycol"",
  ""Hexanediol"",
  ""Sodium Polyacrylate"",
  ""Phenoxyethanol"",
  ""Sodium Hyaluronate"",
  ""Allantoin"",
  ""Ethyl Hexanediol"",
  ""Carbomer"",
  ""Panthenol"",
  ""Arginine""
]
"
Mielle Rosemary Mint Scalp and Hair Strengthening Oil 59 ml,"[
  ""Glycine Soja Soybean Oil"",
  ""Ricinus Communis Castor Seed Oil"",
  ""Rosmarinus Officinalis Rosemary Leaf Oil"",
  ""Simmondsia Chinensis Jojoba Seed Oil"",
  ""Mentha Piperita Peppermint Oil"",
  ""Eucalyptus Globolus Eucalyptus Leaf Oil"",
  ""Menthol"",
  ""Melalueca Alternifolia Tea Tree Leaf Oil"",
  ""Cocos Nucifera Coconut Oil"",
  ""Equisetum Arvense Horsetail Extract"",
  ""Aloe Barbadensis Extract"",
  ""Lavandula Angustifolia Lavender Oil"",
  ""Triticum Vulgare Wheat Germ Oil"",
  ""Carthamus Tinctorius Safflower Seed Oil"",
  ""Oenothera Biennis Evening Primrose Oil"",
  ""Vitis Vinifera Grape Seed Oil"",
  ""Benzyl Nicotinate"",
  ""Prunus Amygdalus Dulcis Sweet Almond Oil"",
  ""Oryza Sativa Rice Bran Oil"",
  ""Tocopheryl Acetate"",
  ""Biotin"",
  ""Arctium Lappa Burdock Root Extract"",
  ""Glycerin"",
  ""Apium Graveolens Celery Seed Extract"",
  ""Cholecalciferol Vitamin D"",
  ""Ascorbic Acid"",
  ""Ocimum Basilicum Basil Oil"",
  ""Pogostemon Cablin Patchouli Oil"",
  ""Salvia Officinalis Sage Oil"",
  ""Silica"",
  ""Urtica Dioica Nettle Extract""
]
"
"Rexona Men Advanced Protection Sport Antiperspirant Deodorant Spray, 220 ml (Packaging May Vary)","[
  ""Butane"",
  ""Isobutane"",
  ""Propane"",
  ""Cyclopentasiloxane"",
  ""Aluminum Sesquichlorohydrate"",
  ""Fragrance"",
  ""Ppg Butyl Ether"",
  ""Glycine"",
  ""Water"",
  ""Disteardimonium Hectorite"",
  ""Calcium Chloride"",
  ""Bht"",
  ""Propylene Carbonate"",
  ""Dimethiconol"",
  ""Caprylic Capric Triglyceride"",
  ""Sodium Starch Octenylsuccinate"",
  ""Maltodextrin"",
  ""Hydrated Silica"",
  ""Gelatin Crosspolymer"",
  ""Hydrolyzed Corn Starch Octenylsuccinate"",
  ""Sodium Benzoate"",
  ""Silica"",
  ""Cellulose Gum""
]
"
"Paula's Choice Skin Perfecting 2% BHA Liquid Salicylic Acid Exfoliant, Gentle Facial Exfoliator for Blackheads, Large Pores, Wrinkles & Fine Lines, Travel Size, 30 mL Bottle","[
  ""Water Aqua"",
  ""Methylpropanediol"",
  ""Butylene Glycol"",
  ""Salicylic Acid"",
  ""Polysorbate 20"",
  ""Camellia Oleifera Green Tea Leaf Extract"",
  ""Sodium Hydroxide"",
  ""Tetrasodium Edta""
]"
"Ostelin Infant Vitamin D3 Drops 2.4mL - Vitamin D Supports Bone Strength, Healthy Immune System Function, Muscle Function - Aids Bone/Teeth Development - Increases Dietary Calcium Absorption","[
  ""Cholecalciferol""
]"
"Bubs Goat Milk Follow On Formula Stage 2, Baby 6-12 Months, Proudly Australian Made with Goat Milk, 800g","[
  ""Goat Milk Solids"",
  ""Goat Full Cream Milk Solids"",
  ""Goat Whey Protein Concentrate"",
  ""Lactose"",
  ""Vegetable Oil Blend"",
  ""Canola Oil"",
  ""Sustainable Palm Olein Oil"",
  ""High Oleic Sunflower Oil"",
  ""Sunflower Oil"",
  ""Coconut Oil"",
  ""Galacto Oligosaccharide"",
  ""Docosahexaenoic Acid"",
  ""Dha"",
  ""From Algae"",
  ""Arachidonic Acid"",
  ""Ara"",
  ""Emulsifier"",
  ""Soybean Lecithin"",
  ""Choline Bitartrate"",
  ""Inositol"",
  ""Antioxidants"",
  ""Alpha Tocopherol"",
  ""Ascorbyl Palmitate"",
  ""Taurine"",
  ""L Carnitine"",
  ""Sodium Ascorbate"",
  ""Dl Alpha Tocopheryl Acetate"",
  ""Niacinamide"",
  ""Vitamin A Acetate"",
  ""Cholecalciferol"",
  ""Cyanocobalamin"",
  ""Calcium Pantothenate"",
  ""Folic Acid"",
  ""Biotin"",
  ""Thiamine Hydrochloride"",
  ""Riboflavin"",
  ""Phytonadione"",
  ""Pyridoxine Hydrochloride"",
  ""Sodium Chloride"",
  ""Ferrous Sulphate"",
  ""Calcium Carbonate"",
  ""Trisodium Citrate"",
  ""Magnesium Sulphate"",
  ""Potassium Chloride"",
  ""Tricalcium Phosphate"",
  ""Zinc Sulphate"",
  ""Dipotassium Phosphate"",
  ""Copper Sulphate"",
  ""Manganese Sulphate"",
  ""Sodium Selenite"",
  ""Potassium Iodide""
]
"
Bellamy's Organic Step 1 Infant Formula 900 g,"[
  ""Organic Milk Solids"",
  ""Organic Demineralised Whey Powder"",
  ""Milk"",
  ""Organic Whole Milk Solid"",
  ""Organic Whole Milk Powder"",
  ""Organic Skim Milk Powder"",
  ""Organic Skim Milk Liquid"",
  ""Organic Skim Milk Powder"",
  ""Organic Whey Protein Concentrate"",
  ""Organic Vegetable Oils"",
  ""Organic Palm Milk Fat"",
  ""Organic Soy Oil"",
  ""Organic Coconut Oil"",
  ""Organic Canola Oil"",
  ""Organic Soy Lecithin"",
  ""Organic Galacto Oligosaccharides"",
  ""Gos"",
  ""Minerals"",
  ""Sodium"",
  ""Potassium"",
  ""Calcium Carbonate"",
  ""Calcium Phosphate"",
  ""Potassium Phosphate"",
  ""Magnesium Chloride"",
  ""Magnesium Carbonate"",
  ""Zinc Sulphate"",
  ""Ferrous Sulphate"",
  ""Copper Sulphate"",
  ""Manganese Sulphate"",
  ""Sodium Selenite"",
  ""Vitamins"",
  ""Doco Dha"",
  ""Fish"",
  ""Ara Oils"",
  ""Milk Solids"",
  ""Emulsifier"",
  ""Soy Lecithin"",
  ""Antioxidants"",
  ""Ascorbic Acid"",
  ""Sodium Ascorbate"",
  ""Mixed Tocopherols"",
  ""Ascorbyl Palmitate"",
  ""Vitamin C"",
  ""Vitamin E"",
  ""Acetate"",
  ""Nicotinamide"",
  ""Vitamin A Acetate"",
  ""D Calcium Pantothenate"",
  ""Vitamin D"",
  ""Biotin"",
  ""Folic Acid"",
  ""Vitamin K1"",
  ""Thiamin Hydrochloride"",
  ""Pyridoxine Hydrochloride"",
  ""Vitamin B12"",
  ""Milk"",
  ""Fish"",
  ""Soy""
]"
"Baby Mum-Mum Banana Flavour Premium Rice Rusks, 36g","[
  ""Japonica Rice"",
  ""Potato Starch"",
  ""Sugar"",
  ""Banana Powder"",
  ""Sea Salt"",
  ""Natural Banana Flavour""
]"
"Nestlé NAN SUPREMEpro 4, Premium Toddler 2+ Years Milk Drink Powder – 800g","[
  ""Lactose"",
  ""Milk"",
  ""Enzymatically Hydrolysed Whey"",
  ""Vegetable Oils"",
  ""Maltodextrin"",
  ""Minerals"",
  ""Calcium Phosphate"",
  ""Calcium Citrate"",
  ""Magnesium Chloride"",
  ""Ferrous Sulphate"",
  ""Zinc Sulphate"",
  ""Potassium Iodide"",
  ""Acidity Regulator"",
  ""Potassium Phosphate"",
  ""Citric Acid"",
  ""Fish Oil"",
  ""Vitamins"",
  ""Sodium Ascorbate"",
  ""Vitamin C"",
  ""Dl Alpha Tocopherol Acetate"",
  ""Vitamin E"",
  ""Niacinamide"",
  ""Niacin"",
  ""Pyridoxine Hydrochloride"",
  ""Vitamin B6"",
  ""Riboflavin"",
  ""Vitamin B2"",
  ""Thiamin Mononitrate"",
  ""Vitamin B1"",
  ""Retinyl Acetate"",
  ""Vitamin A"",
  ""Folic Acid"",
  ""Cholecalciferol"",
  ""Vitamin D3"",
  ""Cyanocobalamin"",
  ""Vitamin B12"",
  ""Antioxidants"",
  ""Mixed Tocopherols Concentrate"",
  ""Ascorbyl Palmitate"",
  ""Culture"",
  ""Bifidobacterium Lactis"",
  ""Milk"",
  ""Fish""
]"
"Nestlé NAN OPTIPRO 3, Toddler 1+ Years Milk Drink Powder – 800g","[
  ""Milk Solids"",
  ""Maltodextrin"",
  ""Vegetable Oils"",
  ""Minerals"",
  ""Calcium Citrate"",
  ""Calcium Phosphate"",
  ""Sodium Phosphate"",
  ""Magnesium Chloride"",
  ""Ferrous Sulphate"",
  ""Zinc Sulphate"",
  ""Potassium Iodide"",
  ""Emulsifier"",
  ""Soy Lecithin"",
  ""Fish Oil"",
  ""Vitamins"",
  ""Sodium Ascorbate"",
  ""Vitamin C"",
  ""Dl A Tocopheryl Acetate"",
  ""Vitamin E"",
  ""Niacinamide"",
  ""Niacin"",
  ""Pyridoxine Hydrochloride"",
  ""Vitamin B6"",
  ""Riboflavin"",
  ""Vitamin B2"",
  ""Thiamin Mononitrate"",
  ""Vitamin B1"",
  ""Retin"",
  ""Folic Acid"",
  ""Cholecalciferol"",
  ""Vitamin D3"",
  ""Cyanocobalamin"",
  ""Vitamin B12"",
  ""Antioxidants"",
  ""Mixed Tochopherols Concentrate"",
  ""Ascorbyl Palmitate"",
  ""Acidity Regulator"",
  ""Citric Acid"",
  ""Culture"",
  ""Bifidobacterium Lactis"",
  ""Milk"",
  ""Soy"",
  ""Fish""
]"
"Baby Mum-Mum Vegetable Flavour First Rice Rusks, 36 g","[
  ""Rice Flour"",
  ""Potato Starch"",
  ""Apple Juice Concentrate"",
  ""Kale Powder"",
  ""Carrot Powder"",
  ""Cabbage Powder"",
  ""Spinach Powder"",
  ""Ferrous Fumarate""
]"
"Aptamil Profutura 2 Premium Baby Follow-On Formula from 6-12 Months, 900 g","[
  ""Milk Solids"",
  ""Vegetable Oils"",
  ""Emulsifier"",
  ""Soy Lecithin"",
  ""Antioxidant"",
  ""Ascorbyl Palmitate"",
  ""Patented Synbiotic Blend"",
  ""Short Chain Galacto Oligosaccharides"",
  ""Milk"",
  ""Long Chain Fructo Oligosaccharides"",
  ""Bifidobacterium Breve M-16V"",
  ""Dried Omega LCPUFAs"",
  ""Fish Oil"",
  ""Sodium Caseinate"",
  ""Whey Protein"",
  ""Taurine"",
  ""Choline Chloride"",
  ""Inositol"",
  ""L Carnitine"",
  ""Lutein"",
  ""Minerals"",
  ""Potassium"",
  ""Calcium"",
  ""Chloride"",
  ""Phosphorus"",
  ""Sodium"",
  ""Magnesium"",
  ""Iron"",
  ""Zinc"",
  ""Copper"",
  ""Iodine"",
  ""Manganese"",
  ""Selenium"",
  ""Vitamins"",
  ""Vitamin A"",
  ""Vitamin B1"",
  ""Vitamin B2"",
  ""Vitamin B3"",
  ""Vitamin B5"",
  ""Vitamin B6"",
  ""Vitamin B12"",
  ""Vitamin C"",
  ""Vitamin D3"",
  ""Vitamin E"",
  ""Vitamin K1"",
  ""Folic Acid"",
  ""Biotin"",
  ""Nucleotides"",
  ""Cytidine Monophosphate"",
  ""Uridine Monophosphate"",
  ""Adenosine Monophosphate"",
  ""Inosine Monophosphate"",
  ""Guanosine Monophosphate"",
  ""Cows Milk"",
  ""Fish"",
  ""Soy""
]"
"LittleOak Natural Goat Milk Follow-on Formula, Stage 2, 6-12 Months, 800gm Can","[
  ""Full Cream Goat Milk Solids"",
  ""Lactose"",
  ""LittleOak Proprietary Oil Blend"",
  ""Sunflower Oil"",
  ""High Oleic Sunflower Oil"",
  ""Pressed Coconut Oil"",
  ""Pressed Flaxseed Oil"",
  ""Galacto Oligosaccharide"",
  ""Gos"",
  ""Minerals"",
  ""Tricalcium Phosphate"",
  ""Calcium Citrate"",
  ""Trisodium Citrate"",
  ""Magnesium Sulphate"",
  ""Ferrous Lactate"",
  ""Zinc Sulphate"",
  ""Sodium Selenite"",
  ""Copper Gluconate"",
  ""Manganese Sulphate"",
  ""Potassium Iodide"",
  ""Dha Powder"",
  ""Docosahexaenoic Oil"",
  ""Schizochytrium Sp"",
  ""Ara Powder"",
  ""Arachidonic Acid Oil"",
  ""Mortierella Alpine"",
  ""L Tyrosine"",
  ""Choline Chloride"",
  ""Vitamins"",
  ""Sodium Ascorbate"",
  ""Vitamin E Acetate"",
  ""Vitamin A Acetate"",
  ""Niacinamide"",
  ""Vitamin D3"",
  ""Calcium Pantothenate"",
  ""Vitamin B12"",
  ""Vitamin K1"",
  ""Thiamin Hydrochloride"",
  ""Pyridoxine Hydrochloride"",
  ""Riboflavin"",
  ""Folic Acid"",
  ""Biotin"",
  ""Inositol"",
  ""L Cysteine"",
  ""L Tryptophan"",
  ""Antioxidant"",
  ""Alpha Tocopherol"",
  ""L Carnitine""
]"
"Bubs Organic Grass Fed Toddler Milk Stage 3, Toddlers 12-36 Months, Made with Non-GMO Organic Milk, 800g","[
  ""Organic Whole Milk Powder"",
  ""Organic Lactose"",
  ""Organic Skim Milk Powder"",
  ""Organic Galacto Oligosaccharide"",
  ""Gos"",
  ""Docosahexaenoic Acid"",
  ""Dha"",
  ""From Algae"",
  ""Arachidonic Acid"",
  ""Ara"",
  ""Probiotic Bifidobacterium Longum Bb536"",
  ""Minerals"",
  ""Calcium Carbonate"",
  ""Ferrous Sulphate"",
  ""Zinc Sulphate"",
  ""Potassium Iodide"",
  ""Magnesium Chloride"",
  ""Potassium Phosphate"",
  ""Calcium Phosphate"",
  ""Vitamins"",
  ""Ascorbic Acid"",
  ""Dl A Tocopheryl Acetate"",
  ""Niacinamide"",
  ""Cyanocobalamin"",
  ""Cholecalciferol"",
  ""Vitamin A Acetate"",
  ""Thiamine Hydrochloride"",
  ""Pyridoxine Hydrochloride"",
  ""Folic Acid"",
  ""Allergens"",
  ""Dairy"",
  ""Soy""
]"
Bellamy's Organic Step 3 Toddler Milk Drink Formula 900 g,"[
  ""Organic Milk Solids"",
  ""Organic Whole Milk Liquid"",
  ""Organic Whole Milk Powder"",
  ""Organic Liquid Skim Milk Liquid"",
  ""Organic Liquid Skim Milk Powder"",
  ""Organic Demineralised Whey Powder"",
  ""Milk"",
  ""Organic Lactose"",
  ""Organic Vegetable Oils"",
  ""Organic Soy Oil"",
  ""Organic Sunflower Oil"",
  ""Emulsifier"",
  ""Organic Soy Lecithin"",
  ""Organic Galacto Oligosaccharide"",
  ""Gos"",
  ""Dried Dha"",
  ""Fish Oil"",
  ""Milk Solids"",
  ""Antioxidants"",
  ""Sodium Ascorbate"",
  ""Mixed Tocopherols"",
  ""Ascorbyl Palmitate"",
  ""Minerals"",
  ""Calcium Carbonate"",
  ""Ferrous Sulphate"",
  ""Zinc Sulphate"",
  ""Potassium Iodide"",
  ""Magnesium Chloride"",
  ""Vitamins"",
  ""Sodium Ascorbate"",
  ""Vitamin E Acetate"",
  ""Niacinamide"",
  ""Vitamin A Acetate"",
  ""Vitamin D3"",
  ""Vitamin B12"",
  ""Thiamin Hydrochloride"",
  ""Ascorbic Acid"",
  ""Pyridoxine Hydrochloride"",
  ""Folic Acid"",
  ""Milk"",
  ""Fish"",
  ""Soy""
]"
Bellamy's Organic Beta Genica-8 Step 2 Follow-On Formula Powder 800 g,"[
  ""Organic Milk Solids"",
  ""Organic Demineralised Whey Powder"",
  ""Milk"",
  ""Organic Full Cream Milk Powder"",
  ""Organic Lactose Powder"",
  ""Organic Vegetable Oils"",
  ""Organic Palm Olein Oil"",
  ""Organic Soy Oil"",
  ""Organic Coconut Oil"",
  ""Emulsifier"",
  ""Organic Soy Lecithin"",
  ""Organic Galacto Oligosaccharides"",
  ""Gos"",
  ""Dried Ara"",
  ""Dha"",
  ""Algal Oils"",
  ""Milk Solids"",
  ""Antioxidants"",
  ""Sodium Ascorbate"",
  ""Mixed Tocopherols"",
  ""Ascorbyl Palmitate"",
  ""Minerals"",
  ""Calcium Carbonate"",
  ""Potassium Chloride"",
  ""Sodium Citrate"",
  ""Potassium Citrate"",
  ""Magnesium Chloride"",
  ""Ferrous Sulphate"",
  ""Potassium Phosphate"",
  ""Calcium Phosphate"",
  ""Zinc Sulphate"",
  ""Copper Sulphate"",
  ""Sodium Selenite"",
  ""Potassium Iodide"",
  ""Manganese Sulphate"",
  ""Organic Fructo Oligosaccharides"",
  ""Fos"",
  ""Vitamins"",
  ""Sodium Ascorbate"",
  ""Vitamin E Acetate"",
  ""Niacinamide"",
  ""Vitamin A Acetate"",
  ""Vitamin D3"",
  ""D Biotin"",
  ""D Calcium Pantothenate"",
  ""Folic Acid"",
  ""Vitamin K1"",
  ""Thiamin Hydrochloride"",
  ""Pyridoxine Hydrochloride"",
  ""Vitamin B12"",
  ""Probiotic"",
  ""Bifidobacterium Bb-12"",
  ""Lutein"",
  ""Milk"",
  ""Soy"",
  ""Cows Milk Protein""
]"
Haven Goat - Premium Toddler Milk | Stage 3 | 12+ Months | 800g,"[
  ""Goat Milk Solids"",
  ""Lactose"",
  ""Milk"",
  ""Vegetable Oils"",
  ""High Oleic Sunflower"",
  ""Sunflower"",
  ""Coconut"",
  ""Flaxseed"",
  ""Emulsifier"",
  ""Sunflower Lecithin"",
  ""Antioxidant"",
  ""Mixed Tocopherol"",
  ""Ascorbyl Palmitate"",
  ""Galacto Oligosaccharides"",
  ""Gos"",
  ""Minerals"",
  ""Calcium"",
  ""Phosphate"",
  ""Magnesium"",
  ""Iron"",
  ""Zinc"",
  ""Iodine"",
  ""Docosahexaenoic Acid Powder"",
  ""Dha"",
  ""Dha Oil"",
  ""Micro Algae"",
  ""Schizochytrium Sp"",
  ""Emulsifier"",
  ""Monoglycerides"",
  ""Fructo Oligosaccharides"",
  ""Fos"",
  ""Vitamins"",
  ""Vitamin C"",
  ""Vitamin E"",
  ""Vitamin B3"",
  ""Vitamin D3"",
  ""Vitamin B12"",
  ""Vitamin B6"",
  ""Vitamin B1"",
  ""Vitamin A"",
  ""Vitamin B2"",
  ""Folic Acid"",
  ""Lutein"",
  ""Lacticaseibacillus Rhamnosus"",
  ""Milk""
]"
Nestlé CERELAC Infant Cereal Multigrain with Banana & Apple Baby Cereal From 6 months – 200g (Pack of 6),"[
  ""Wheat Flour"",
  ""Processing Aid"",
  ""Soy"",
  ""Wholegrain Wheat Flour"",
  ""Banana Flakes"",
  ""Banana"",
  ""Oat Flour"",
  ""Apple Flakes"",
  ""Apple"",
  ""Corn Flour"",
  ""Rye Flour"",
  ""Barley Flour"",
  ""Vegetable Oils"",
  ""Spelt Flour"",
  ""Wheat"",
  ""Rice Flour"",
  ""Triticale Flour"",
  ""Maltodextrin"",
  ""Corn Starch"",
  ""Emulsifier"",
  ""Lecithin"",
  ""Mineral"",
  ""Iron"",
  ""Vitamins"",
  ""Vitamin C"",
  ""Niacin"",
  ""Vitamin B6"",
  ""Thiamin"",
  ""Vitamin B1"",
  ""Culture"",
  ""Bifidobacterium Lactis"",
  ""Antioxidants"",
  ""Mixed Tocopherols Concentrate"",
  ""Ascorbyl Palmitate"",
  ""Wheat"",
  ""Gluten"",
  ""Soy"",
  ""Milk""
]"
Aptamil Gold+ 2 Premium Follow-On Formula Powder Sachets for 6-12 Months (Pack of 4),"[
  ""Milk Solids"",
  ""Vegetable Oils"",
  ""Soy"",
  ""Antioxidant"",
  ""Ascorbyl Palmitate"",
  ""Citric Acid"",
  ""Galacto Oligosaccharides"",
  ""Milk"",
  ""Dried Omega LCPUFAs"",
  ""Fish"",
  ""Soy"",
  ""Mixed Tocopherols"",
  ""Dl Alpha Tocopherol"",
  ""Sodium Ascorbate"",
  ""Long Chain Polyfructose"",
  ""Emulsifier"",
  ""Soy Lecithin"",
  ""Taurine"",
  ""Choline Chloride"",
  ""L Carnitine"",
  ""Inositol"",
  ""Minerals"",
  ""Potassium"",
  ""Calcium"",
  ""Chloride"",
  ""Phosphorus"",
  ""Sodium"",
  ""Magnesium"",
  ""Iron"",
  ""Zinc"",
  ""Copper"",
  ""Iodine"",
  ""Manganese"",
  ""Selenium"",
  ""Vitamins"",
  ""Vitamin A"",
  ""Vitamin B1"",
  ""Vitamin B2"",
  ""Vitamin B3"",
  ""Vitamin B5"",
  ""Vitamin B6"",
  ""Vitamin B12"",
  ""Vitamin C"",
  ""Vitamin D3"",
  ""Vitamin E"",
  ""Vitamin K1"",
  ""Folic Acid"",
  ""Biotin"",
  ""Nucleotides"",
  ""Cytidine Monophosphate"",
  ""Uridine Monophosphate"",
  ""Adenosine Monophosphate"",
  ""Inosine Monophosphate"",
  ""Guanosine Monophosphate""
]"
Sanpellegrino Sparkling Mineral Water,"[
  ""Sulphate"",
  ""Bicarbonate"",
  ""Calcium"",
  ""Magnesium"",
  ""Chloride"",
  ""Sodium"",
  ""Silica Residue"",
  ""Nitrate"",
  ""Strontium"",
  ""Potassium"",
  ""Fluoride"",
  ""Total Dissolved Solids"",
  ""Ph""
]
"
"CAPI Sparkling Mineral Water, 500mL x 15","[
  ""Bicarbonate"",
  ""Chloride"",
  ""Sodium"",
  ""Magnesium"",
  ""Potassium"",
  ""Calcium"",
  ""Sulphate""
]
"
Mount Franklin Lightly Sparkling Water Lime Multipack Cans 375ml x10 Pack,"[
  ""Carbonated Spring Water"",
  ""Natural Flavouring""
]
"
Mount Franklin Lightly Sparkling Peach Water 20 x 375 ml,"[
  ""Carbonated Spring Water"",
  ""Natural Flavouring""
]
"
Mount Franklin Lightly Sparkling Water Passionfruit Multipack Cans 20 x 375 mL,"[
  ""Carbonated Spring Water"",
  ""Natural Flavouring""
]
"
Mount Franklin Lightly Sparkling Water Mango Multipack Mini Cans 24 x 250mL,"[
  ""Carbonated Spring Water"",
  ""Natural Flavouring""
]
"
Mount Franklin Lightly Sparkling Water Raspberry Multipack Cans 20 x 375 mL,"[
  ""Carbonated Spring Water"",
  ""Natural Flavouring""
]
"
Colgate Triple Action Toothpaste | 165g,"[
  ""Water"",
  ""Glycerin"",
  ""Hydrated Silica"",
  ""Sodium Lauryl Sulfate"",
  ""Flavour"",
  ""Cellulose Gum"",
  ""Xanthan Gum"",
  ""Sodium Saccharin"",
  ""Sodium Fluoride"",
  ""Benzyl Alcohol"",
  ""Ci 74160"",
  ""Ci 74260"",
  ""Ci 77891""
]"
Colgate Total Active Prevention Deep Clean Toothpaste | 200g,"[
  ""Sorbitol"",
  ""Hydrated Silica"",
  ""Water"",
  ""Glycerin"",
  ""Flavour"",
  ""Sodium Lauryl Sulfate"",
  ""Tetrasodium Pyrophosphate"",
  ""Cellulose Gum"",
  ""Potassium Nitrate"",
  ""Ci 77891"",
  ""Stannous Fluoride"",
  ""Sodium Saccharin"",
  ""Xanthan Gum"",
  ""Cocamidopropyl Betaine"",
  ""Sodium Fluoride"",
  ""Sucralose"",
  ""Ci 74160""
]"
Colgate Advanced Whitening Toothpaste and Tartar Control | 200g,"[
  ""Water"",
  ""Sorbitol"",
  ""Hydrated Silica"",
  ""Calcium Pyrophosphate"",
  ""Peg"",
  ""Sodium Lauryl Sulfate"",
  ""Flavour"",
  ""Cellulose Gum"",
  ""Potassium Hydroxide"",
  ""Tetrasodium Pyrophosphate"",
  ""Phosphoric Acid"",
  ""Cocamidopropyl Betaine"",
  ""Sodium Fluoride"",
  ""Benzyl Alcohol"",
  ""Sodium Saccharin""
]
"
Colgate Total Active Prevention Mint Stripe Toothpaste | 200g,"[
  ""Sorbitol"",
  ""Water"",
  ""Hydrated Silica"",
  ""Glycerin"",
  ""Flavour"",
  ""Sodium Lauryl Sulfate"",
  ""Tetrasodium Pyrophosphate"",
  ""Cellulose Gum"",
  ""Potassium Nitrate"",
  ""Xanthan Gum"",
  ""Stannous Fluoride"",
  ""Sodium Saccharin"",
  ""Cocamidopropyl Betaine"",
  ""Ci 77891"",
  ""Sodium Fluoride"",
  ""Ci 74260"",
  ""Ci 77492""
]"
Colgate Optic White Teeth Whitening Toothpaste Renewal Vibrant Clean With 3% Hydrogen Peroxide | 85g,"[
  ""Propylene Glycol"",
  ""Calcium Pyrophosphate"",
  ""Pvp"",
  ""Peg Ppg Copolymer"",
  ""Hydrogen Peroxide"",
  ""Flavour"",
  ""Sodium Lauryl Sulfate"",
  ""Tetrasodium Pyrophosphate"",
  ""Sodium Saccharin"",
  ""Sodium Monofluorophosphate"",
  ""Disodium Pyrophosphate"",
  ""Silica"",
  ""Sucralose"",
  ""Bht""
]"
Colgate Optic White Stain Fighter Enamel Care Teeth Whitening Toothpaste 1% Hydrogen Peroxide | 100g,"[
  ""Propylene Glycol"",
  ""Calcium Pyrophosphate"",
  ""Peg Ppg Copolymer"",
  ""Peg"",
  ""Glycerin"",
  ""Pvp"",
  ""Silica"",
  ""Flavour"",
  ""Tetrasodium Pyrophosphate"",
  ""Sodium Lauryl Sulfate"",
  ""Sodium Monofluorophosphate"",
  ""Hydrogen Peroxide"",
  ""Disodium Pyrophosphate"",
  ""Sodium Saccharin"",
  ""Sucralose"",
  ""Bht""
]
"
Oral B Pro Health Advanced Deep Clean | 110g,"[
  ""Water"",
  ""Sorbitol"",
  ""Hydrated Silica"",
  ""Sodium Gluconate"",
  ""Sodium Lauryl Sulfate"",
  ""Carrageenan"",
  ""Flavor"",
  ""Stannous Chloride"",
  ""Xanthan Gum"",
  ""Zinc Citrate"",
  ""Sodium Hydroxide"",
  ""Sodium Fluoride"",
  ""Sodium Saccharin"",
  ""Ci 74160"",
  ""Ci 42090""
]"
White Glo Professional Whitening Toothpaste | 205g,"[
  ""Calcium Carbonate"",
  ""Sorbitol"",
  ""Aqua Water"",
  ""Glycerin"",
  ""Hydrated Silica"",
  ""Sodium Lauryl Sulfate"",
  ""Cellulose Gum"",
  ""Aroma Flavour"",
  ""Sodium Benzoate"",
  ""Hydroxyethylcellulose"",
  ""Sodium Phytate"",
  ""Sodium Saccharin"",
  ""Sodium Bicarbonate"",
  ""Natural Baking Soda"",
  ""Phthalimidoperoxycaproic Acid"",
  ""Hydrogen Peroxide"",
  ""Bromelain"",
  ""Sodium Phosphate"",
  ""Mica"",
  ""Sodium Monofluorophosphate""
]"
Oral B 3D Whitening Stengthen Enamel Tooth Paste | 190g,"[
  ""Sorbitol"",
  ""Water"",
  ""Hydrated Silica"",
  ""Disodium Pyrophosphate"",
  ""Sodium Lauryl Sulfate"",
  ""Flavor"",
  ""Sodium Hydroxide"",
  ""Cocamidopropyl Betaine"",
  ""Cellulose Gum"",
  ""Sodium Saccharin"",
  ""Carbomer"",
  ""Titanium Dioxide"",
  ""Sodium Fluoride"",
  ""Calcium Aluminum Borosilicate"",
  ""Silica"",
  ""Tin Oxide"",
  ""Ci 77891"",
  ""Ci 74160"",
  ""Ci 74260""
]"
Colgate Max Fresh Coolmint Toothpaste | 200g,"[
  ""Sorbitol"",
  ""Water"",
  ""Hydrated Silica"",
  ""Sodium Lauryl Sulfate"",
  ""Flavour"",
  ""Peg"",
  ""Cellulose Gum"",
  ""Cocamidopropyl Betaine"",
  ""Sodium Saccharin"",
  ""Sodium Fluoride"",
  ""Hydroxypropyl Methylcellulose"",
  ""Menthol"",
  ""Titanium Dioxide"",
  ""Ci 74160"",
  ""Ci 47005""
]"
Colgate Max Fresh Rainbow Fresh Toothpaste | 100g,"[
  ""Sorbitol"",
  ""Water"",
  ""Hydrated Silica"",
  ""Sodium Lauryl Sulfate"",
  ""Flavour"",
  ""Peg"",
  ""Cellulose Gum"",
  ""Cocamidopropyl Betaine"",
  ""Sodium Fluoride"",
  ""Sodium Saccharin"",
  ""Hydroxypropyl Methylcellulose"",
  ""Menthol"",
  ""Zea Mays Corn Starch"",
  ""Propylene Glycol"",
  ""Polysorbate 80"",
  ""Ci 77891"",
  ""Ci 12085"",
  ""Ci 74160"",
  ""Ci 74260"",
  ""Ci 77492"",
  ""Ci 16035""
]"
Colgate Cavity Protection Toothpaste Great Regular Flavour | 180g,"[
  ""Dicalcium Phosphate Dihydrate"",
  ""Water"",
  ""Sorbitol"",
  ""Sodium Lauryl Sulfate"",
  ""Cellulose Gum"",
  ""Flavour"",
  ""Sodium Monofluorophosphate"",
  ""Sodium Saccharin"",
  ""Tetrasodium Pyrophosphate"",
  ""Sodium Fluoride""
]
"
Colgate Advanced Whitening Toothpaste and Tartar Control | 115g,"[
  ""Water"",
  ""Sorbitol"",
  ""Hydrated Silica"",
  ""Calcium Pyrophosphate"",
  ""Peg"",
  ""Sodium Lauryl Sulfate"",
  ""Flavour"",
  ""Cellulose Gum"",
  ""Potassium Hydroxide"",
  ""Tetrasodium Pyrophosphate"",
  ""Phosphoric Acid"",
  ""Cocamidopropyl Betaine"",
  ""Sodium Fluoride"",
  ""Benzyl Alcohol"",
  ""Sodium Saccharin""
]"
Oral B 3D White 2 In 1 Whitening Strengthens Enamel Paste | 110g,"[
  ""Sorbitol"",
  ""Water"",
  ""Hydrated Silica"",
  ""Disodium Pyrophosphate"",
  ""Sodium Lauryl Sulfate"",
  ""Sodium Hydroxide"",
  ""Flavor"",
  ""Cocamidopropyl Betaine"",
  ""Cellulose Gum"",
  ""Sodium Saccharin"",
  ""Carbomer"",
  ""Titanium Dioxide"",
  ""Sodium Fluoride"",
  ""Calcium Aluminum Borosilicate"",
  ""Silica"",
  ""Tin Oxide"",
  ""Ci 77891"",
  ""Ci 74160"",
  ""Ci 74260""
]"
Colgate Triple Action Toothpaste | 80g,"[
  ""Water"",
  ""Glycerin"",
  ""Hydrated Silica"",
  ""Sodium Lauryl Sulfate"",
  ""Flavour"",
  ""Cellulose Gum"",
  ""Xanthan Gum"",
  ""Sodium Saccharin"",
  ""Sodium Fluoride"",
  ""Benzyl Alcohol"",
  ""Ci 74160"",
  ""Ci 74260"",
  ""Ci 77891""
]"
Colgate Total Active Prevention Deep Clean Toothpaste | 115g,"[
  ""Sorbitol"",
  ""Hydrated Silica"",
  ""Water"",
  ""Glycerin"",
  ""Flavour"",
  ""Sodium Lauryl Sulfate"",
  ""Tetrasodium Pyrophosphate"",
  ""Cellulose Gum"",
  ""Potassium Nitrate"",
  ""Ci 77891"",
  ""Stannous Fluoride"",
  ""Sodium Saccharin"",
  ""Xanthan Gum"",
  ""Cocamidopropyl Betaine"",
  ""Sodium Fluoride"",
  ""Sucralose"",
  ""Ci 74160""
]"
Colgate Kids Mild Mint Minions Toothpaste | 90g,"[
  ""Sorbitol"",
  ""Water"",
  ""Hydrated Silica"",
  ""Sodium Lauryl Sulfate"",
  ""Peg"",
  ""Flavour"",
  ""Cellulose Gum"",
  ""Tetrasodium Pyrophosphate"",
  ""Sodium Saccharin"",
  ""Sodium Fluoride"",
  ""Ci 42090""
]"
Colgate Max Fresh Coolmint Toothpaste | 115g,"[
  ""Sorbitol"",
  ""Water"",
  ""Hydrated Silica"",
  ""Sodium Lauryl Sulfate"",
  ""Flavour"",
  ""Peg"",
  ""Cellulose Gum"",
  ""Cocamidopropyl Betaine"",
  ""Sodium Saccharin"",
  ""Sodium Fluoride"",
  ""Hydroxypropyl Methylcellulose"",
  ""Menthol"",
  ""Titanium Dioxide"",
  ""Ci 74160"",
  ""Ci 47005""
]"
Colgate Total Active Prevention Whitening Toothpaste | 115g,"[
  ""Sorbitol"",
  ""Hydrated Silica"",
  ""Water"",
  ""Glycerin"",
  ""Flavour"",
  ""Sodium Lauryl Sulfate"",
  ""Tetrasodium Pyrophosphate"",
  ""Cellulose Gum"",
  ""Potassium Nitrate"",
  ""Ci 77891"",
  ""Stannous Fluoride"",
  ""Sodium Saccharin"",
  ""Xanthan Gum"",
  ""Cocamidopropyl Betaine"",
  ""Sodium Fluoride""
]"
Colgate Total Active Prevention Original Toothpaste | 115g,"[
  ""Sorbitol"",
  ""Water"",
  ""Hydrated Silica"",
  ""Glycerin"",
  ""Flavour"",
  ""Sodium Lauryl Sulfate"",
  ""Tetrasodium Pyrophosphate"",
  ""Cellulose Gum"",
  ""Potassium Nitrate"",
  ""Xanthan Gum"",
  ""Ci 77891"",
  ""Stannous Fluoride"",
  ""Sodium Saccharin"",
  ""Cocamidopropyl Betaine"",
  ""Sodium Fluoride""
]"
Colgate Total Active Prevention Fresh Toothpaste | 200g,"[
  ""Sorbitol"",
  ""Water"",
  ""Hydrated Silica"",
  ""Glycerin"",
  ""Sodium Lauryl Sulfate"",
  ""Flavour"",
  ""Tetrasodium Pyrophosphate"",
  ""Cellulose Gum"",
  ""Potassium Nitrate"",
  ""Stannous Fluoride"",
  ""Sodium Saccharin"",
  ""Xanthan Gum"",
  ""Cocamidopropyl Betaine"",
  ""Sodium Fluoride"",
  ""Ci 74260"",
  ""Ci 77492""
]"
Macleans Extreme Clean Lasting Fresh Toothpaste | 170g,"[
  ""Water"",
  ""Sorbitol"",
  ""Hydrated Silica"",
  ""Glycerin"",
  ""Pentasodium Triphosphate"",
  ""Peg"",
  ""Alumina"",
  ""Sodium Lauryl Sulfate"",
  ""Flavour"",
  ""Xanthan Gum"",
  ""Cocamidopropyl Betaine"",
  ""Titanium Dioxide"",
  ""Carrageenan"",
  ""Sodium Fluoride"",
  ""Sodium Saccharin"",
  ""Sodium Hydroxide"",
  ""Limonene"",
  ""Ci 77492"",
  ""Ci 73360"",
  ""Ci 74160"",
  ""Ci 74260""
]"
Grants Of Australia Mild Mint With Aloe Vera Natural Toothpaste | 110g,"[
  ""Calcium Carbonate"",
  ""Water Aqua"",
  ""Aloe Barbadensis Leaf Juice"",
  ""Certified Organic"",
  ""Glycerin Vegetable"",
  ""Xylitol"",
  ""Silica"",
  ""Sodium Lauroyl Sarcosinate"",
  ""Coconut"",
  ""Cellulose Gum"",
  ""Dicalcium Phosphate Dihydrate"",
  ""Flavour Aroma"",
  ""Natural Herbal Extract"",
  ""Stevioside"",
  ""Stevia"",
  ""Magnesium Hydroxide"",
  ""Potassium Chloride"",
  ""Mint Oil"",
  ""Eucalyptus Oil"",
  ""Cardamon"",
  ""Anise"",
  ""Caraway"",
  ""Coriander"",
  ""Rosemary"",
  ""Clary Sage"",
  ""Limonene"",
  ""Linalool""
]
"
Oral B Pro Health Advance Whitening | 110g,"[
  ""Water"",
  ""Sorbitol"",
  ""Hydrated Silica"",
  ""Sodium Lauryl Sulfate"",
  ""Carrageenan"",
  ""Sodium Gluconate"",
  ""Flavor"",
  ""Stannous Chloride"",
  ""Xanthan Gum"",
  ""Zinc Citrate"",
  ""Sodium Hydroxide"",
  ""Sodium Fluoride"",
  ""Sodium Saccharin"",
  ""Ci 77891""
]"
Colgate Kids Toothpaste Bluey Mild Mint Gel | 90g,"[
  ""Sorbitol"",
  ""Water"",
  ""Hydrated Silica"",
  ""Sodium Lauryl Sulfate"",
  ""Peg"",
  ""Flavour"",
  ""Cellulose Gum"",
  ""Tetrasodium Pyrophosphate"",
  ""Sodium Saccharin"",
  ""Sodium Fluoride"",
  ""Ci 74160""
]"
Colgate Advanced Whitening Toothpaste | 115g,"[
  ""Water"",
  ""Sorbitol"",
  ""Hydrated Silica"",
  ""Calcium Pyrophosphate"",
  ""Peg"",
  ""Sodium Lauryl Sulfate"",
  ""Flavour"",
  ""Cellulose Gum"",
  ""Potassium Hydroxide"",
  ""Tetrasodium Pyrophosphate"",
  ""Phosphoric Acid"",
  ""Cocamidopropyl Betaine"",
  ""Benzyl Alcohol"",
  ""Sodium Saccharin"",
  ""Sodium Fluoride""
]
"
Colgate Total Active Prevention Original Toothpaste | 200g,"[
  ""Sorbitol"",
  ""Water"",
  ""Hydrated Silica"",
  ""Glycerin"",
  ""Flavour"",
  ""Sodium Lauryl Sulfate"",
  ""Tetrasodium Pyrophosphate"",
  ""Cellulose Gum"",
  ""Potassium Nitrate"",
  ""Xanthan Gum"",
  ""Ci 77891"",
  ""Stannous Fluoride"",
  ""Sodium Saccharin"",
  ""Cocamidopropyl Betaine"",
  ""Sodium Fluoride""
]"
Colgate Maximum Cavity Protection Toothpaste Great Regular Flavour Pump | 130g,"[
  ""Dicalcium Phosphate Dihydrate"",
  ""Water"",
  ""Glycerin"",
  ""Arginine"",
  ""Sodium Lauryl Sulfate"",
  ""Cellulose Gum"",
  ""Sodium Monofluorophosphate"",
  ""Hydrated Silica"",
  ""Flavour"",
  ""Tetrasodium Pyrophosphate"",
  ""Phosphoric Acid"",
  ""Sodium Saccharin"",
  ""Sucralose"",
  ""Fluoride""
]"
Coles Toothpaste Total Care | 140g,"[
  ""Aqua"",
  ""Sorbitol"",
  ""Hydrated Silica"",
  ""Sodium Lauryl Sulfate"",
  ""Flavour"",
  ""Cellulose Gum"",
  ""Ci 77891"",
  ""Zinc Citrate"",
  ""Sodium Fluoride"",
  ""Sodium Saccharin""
]"
Colgate Sensitive Toothpaste Multiprotection | 110g,"[
  ""Water"",
  ""Silicon Dioxide"",
  ""Sorbitol"",
  ""Glycerol"",
  ""Potassium Citrate"",
  ""Macrogol"",
  ""Potassium Pyrophosphate"",
  ""Zinc Citrate Trihydrate"",
  ""Pvm Ma Copolymer"",
  ""Sodium Lauryl Sulphate"",
  ""Flavour"",
  ""Sodium Monofluorophosphate"",
  ""Potassium Hydroxide"",
  ""Carmellose Sodium"",
  ""Saccharin Sodium"",
  ""Titanium Dioxide"",
  ""Xanthan Gum"",
  ""Brilliant Scarlet"",
  ""Ci 16255""
]"
Colgate Total Active Prevention Whitening Toothpaste | 200g,"[
  ""Sorbitol"",
  ""Hydrated Silica"",
  ""Water"",
  ""Glycerin"",
  ""Flavour"",
  ""Sodium Lauryl Sulfate"",
  ""Tetrasodium Pyrophosphate"",
  ""Cellulose Gum"",
  ""Potassium Nitrate"",
  ""Ci 77891"",
  ""Stannous Fluoride"",
  ""Sodium Saccharin"",
  ""Xanthan Gum"",
  ""Cocamidopropyl Betaine"",
  ""Sodium Fluoride""
]"
Oral B 3D White 2 In 1 Whitening Long Lasting Freshness Paste | 110g,"[
  ""Sorbitol"",
  ""Water"",
  ""Hydrated Silica"",
  ""Disodium Pyrophosphate"",
  ""Sodium Lauryl Sulfate"",
  ""Flavor"",
  ""Sodium Hydroxide"",
  ""Cocamidopropyl Betaine"",
  ""Cellulose Gum"",
  ""Sodium Saccharin"",
  ""Carbomer"",
  ""Sodium Fluoride"",
  ""Ci 77019"",
  ""Ci 77891"",
  ""Ci 77492"",
  ""Ci 74260""
]"
Oral-B Frozen Kids Toothpaste With Sugar Shield 3+ Years | 92g,"[
  ""Sorbitol"",
  ""Water"",
  ""Hydrated Silica"",
  ""Trisodium Phosphate"",
  ""Flavor"",
  ""Cocamidopropyl Betaine"",
  ""Cellulose Gum"",
  ""Sodium Phosphate"",
  ""Carbomer"",
  ""Sodium Saccharin"",
  ""Sodium Fluoride"",
  ""Polysorbate 80"",
  ""Ci 16255""
]"
Colgate Advanced Whitening Charcoal Toothpaste | 180g,"[
  ""Water"",
  ""Sorbitol"",
  ""Hydrated Silica"",
  ""Peg"",
  ""Sodium Lauryl Sulfate"",
  ""Flavour"",
  ""Cellulose Gum"",
  ""Potassium Hydroxide"",
  ""Tetrasodium Pyrophosphate"",
  ""Phosphoric Acid"",
  ""Cocamidopropyl Betaine"",
  ""Xanthan Gum"",
  ""Sodium Saccharin"",
  ""Benzyl Alcohol"",
  ""Sodium Fluoride"",
  ""Charcoal Powder"",
  ""Volcanic Soil"",
  ""Mica"",
  ""Ci 77492"",
  ""Ci 77891"",
  ""Ci 12085""
]"
Sensodyne Repair & Protect Whitening Sensitive Toothpaste | 100g,"[
  ""Glycerin"",
  ""Peg"",
  ""Hydrated Silica"",
  ""Calcium Sodium Phosphosilicate"",
  ""Novamin"",
  ""Cocamidopropyl Betaine"",
  ""Sodium Methyl"",
  ""Cocoyl Taurate"",
  ""Flavour"",
  ""Titanium Dioxide"",
  ""Carbomer"",
  ""Silica"",
  ""Sodium Fluoride"",
  ""Sodium Saccharin"",
  ""Limonene"",
  ""Fluoride""
]
"
Hismile Toothpaste Watermelon | 60g,"[
  ""Aqua Water"",
  ""Sorbitol"",
  ""Hydrated Silica"",
  ""Xylitol"",
  ""Glycerin"",
  ""Aroma Flavour"",
  ""Disodium Phosphate"",
  ""Sodium Lauroyl Sarcosinate"",
  ""Calcium Glycerophosphate"",
  ""Cellulose Gum"",
  ""Xanthan Gum"",
  ""Tetrapotassium Pyrophosphate"",
  ""Benzyl Alcohol"",
  ""Caprylyl Glycol"",
  ""Sucralose"",
  ""Menthol"",
  ""Sodium Fluoride"",
  ""Sodium Gluconate"",
  ""Pentylene Glycol"",
  ""Zinc Lactate"",
  ""Methyl Diisopropyl Propionamide"",
  ""Benzoic Acid""
]
"
Macleans Extreme Clean Whitening Fluoride Toothpaste | 170g,"[
  ""Water"",
  ""Sorbitol"",
  ""Hydrated Silica"",
  ""Glycerin"",
  ""Pentasodium Triphosphate"",
  ""Peg"",
  ""Alumina"",
  ""Sodium Lauryl Sulfate"",
  ""Flavour"",
  ""Xanthan Gum"",
  ""Cocamidopropyl Betaine"",
  ""Titanium Dioxide"",
  ""Carrageenan"",
  ""Sodium Fluoride"",
  ""Sodium Saccharin"",
  ""Sodium Hydroxide"",
  ""Limonene"",
  ""Ci 77492"",
  ""Ci 73360"",
  ""Ci 74160"",
  ""Ci 74260""
]"
Oral B 3D Whitening Toothpaste Long Lasting Freshness | 190g,"[
  ""Sorbitol"",
  ""Water"",
  ""Hydrated Silica"",
  ""Disodium Pyrophosphate"",
  ""Sodium Lauryl Sulfate"",
  ""Flavor"",
  ""Sodium Hydroxide"",
  ""Cocamidopropyl Betaine"",
  ""Cellulose Gum"",
  ""Sodium Saccharin"",
  ""Carbomer"",
  ""Sodium Fluoride"",
  ""Ci 77019"",
  ""Ci 77891"",
  ""Ci 77492"",
  ""Ci 74260""
]"
Oral B Sensitivity & Gum Extra Fresh Breath Toothpaste | 90g,"[
  ""Water Purified"",
  ""Sorbitol"",
  ""Hydrated Silica"",
  ""Silicon Dioxide"",
  ""Sodium Lauryl Sulfate"",
  ""Sodium Gluconate"",
  ""Carrageenan"",
  ""Chondrus Crispus"",
  ""Flavor"",
  ""Xanthan Gum"",
  ""Cocamidopropyl Betaine"",
  ""Zinc Citrate"",
  ""Stannous Fluoride"",
  ""Sodium Hydroxide"",
  ""Stannous Chloride"",
  ""Sodium Saccharin"",
  ""Saccharin Sodium"",
  ""Sodium Fluoride"",
  ""Sucralose"",
  ""Ci 77891"",
  ""Titanium Dioxide""
]"
Oral-B Gum Care & Sensitivity Repair Toothpaste | 110g,"[
  ""Glycerin"",
  ""Glycerol"",
  ""Hydrated Silica"",
  ""Sodium Hexametaphosphate"",
  ""Sodium Polymetaphosphate"",
  ""Peg"",
  ""Polyethylene Glycol"",
  ""Propylene Glycol"",
  ""Zinc Lactate"",
  ""Water Purified Water"",
  ""Flavor"",
  ""Trisodium Phosphate"",
  ""Tribasic Sodium Phosphate Dodecahydrate"",
  ""Sodium Lauryl Sulfate"",
  ""Sodium Gluconate"",
  ""Stannous Fluoride"",
  ""Sodium Saccharin"",
  ""Saccharin Sodium"",
  ""Pvp"",
  ""Povidone"",
  ""Xanthan Gum"",
  ""Carrageenan"",
  ""Sodium Fluoride"",
  ""Sodium Hydroxide"",
  ""Ci 74160"",
  ""Pigment Blue 15""
]"
Oral B 3D White Luxe Glamorous White | 95g,"[
  ""Sodium Fluoride"",
  ""Fluoride"",
  ""Glycerin"",
  ""Hydrated Silica"",
  ""Sodium Hexametaphosphate"",
  ""Water"",
  ""Peg"",
  ""Flavor"",
  ""Sodium Lauryl Sulfate"",
  ""Cocamidopropyl Betaine"",
  ""Trisodium Phosphate"",
  ""Sodium Saccharin"",
  ""Carrageenan"",
  ""Sodium Fluoride"",
  ""Xanthan Gum"",
  ""Titanium Dioxide"",
  ""Sucralose"",
  ""Ci 77019"",
  ""Ci 77891""
]"
Oral B Pro Health All Day Protect ToothPaste | 200g,"[
  ""Water"",
  ""Sorbitol"",
  ""Hydrated Silica"",
  ""Sodium Lauryl Sulfate"",
  ""Flavor"",
  ""Carrageenan"",
  ""Sodium Gluconate"",
  ""Stannous Chloride"",
  ""Xanthan Gum"",
  ""Zinc Citrate"",
  ""Sodium Hydroxide"",
  ""Sodium Saccharin"",
  ""Sodium Fluoride"",
  ""Calcium Aluminum Borosilicate"",
  ""Silica"",
  ""Tin Oxide"",
  ""Ci 77891"",
  ""Ci 42090""
]"
Colgate Optic White Purple Toothpaste | 100g,"[
  ""Water"",
  ""Sorbitol"",
  ""Hydrated Silica"",
  ""Peg"",
  ""Sodium Lauryl Sulfate"",
  ""Flavour"",
  ""Cellulose Gum"",
  ""Potassium Hydroxide"",
  ""Tetrasodium Pyrophosphate"",
  ""Phosphoric Acid"",
  ""Cocamidopropyl Betaine"",
  ""Benzyl Alcohol"",
  ""Sodium Saccharin"",
  ""Sodium Fluoride"",
  ""Ci 77891"",
  ""Ci 17200"",
  ""Ci 42090""
]"
Colgate Total Active Prevention Fresh Toothpaste | 200g,"[
  ""Sorbitol"",
  ""Water"",
  ""Hydrated Silica"",
  ""Glycerin"",
  ""Sodium Lauryl Sulfate"",
  ""Flavour"",
  ""Tetrasodium Pyrophosphate"",
  ""Cellulose Gum"",
  ""Potassium Nitrate"",
  ""Stannous Fluoride"",
  ""Sodium Saccharin"",
  ""Xanthan Gum"",
  ""Cocamidopropyl Betaine"",
  ""Sodium Fluoride"",
  ""Ci 74260"",
  ""Ci 77492""
]"
Red Seal Baking Soda toothpaste | 100g,"[
  ""Water"",
  ""Sodium Bicarbonate"",
  ""Glycerin"",
  ""Calcium Carbonate"",
  ""Hydrated Silica"",
  ""Xylitol"",
  ""Xanthan Gum"",
  ""Lauryl Glucoside"",
  ""Mentha Piperita Peppermint Oil"",
  ""Menthol"",
  ""Eucalyptus Globulus Leaf Oil"",
  ""Illicium Verum Anise Fruit Seed Oil"",
  ""Sodium Cocoyl Glutamate"",
  ""Stevioside"",
  ""Sea Salt"",
  ""Totarol""
]
"
Colgate Optic White Luminous High Impact Teeth Whitening 2% Hydrogen Peroxide Toothpaste | 85g,"[
  ""Propylene Glycol"",
  ""Calcium Pyrophosphate"",
  ""Pvp"",
  ""Peg Ppg Copolymer"",
  ""Peg"",
  ""Glycerin"",
  ""Flavour"",
  ""Hydrogen Peroxide"",
  ""Sodium Lauryl Sulfate"",
  ""Silica"",
  ""Tetrasodium Pyrophosphate"",
  ""Sodium Monofluorophosphate"",
  ""Sodium Saccharin"",
  ""Disodium Pyrophosphate"",
  ""Sucralose"",
  ""Bht"",
  ""Fluoride""
]
"
Colgate Total Active Prevention Deep Clean Charcoal Toothpaste | 200g,"[
  ""Sorbitol"",
  ""Water"",
  ""Hydrated Silica"",
  ""Glycerin"",
  ""Flavour"",
  ""Sodium Lauryl Sulfate"",
  ""Tetrasodium Pyrophosphate"",
  ""Cellulose Gum"",
  ""Potassium Nitrate"",
  ""Stannous Fluoride"",
  ""Sodium Saccharin"",
  ""Xanthan Gum"",
  ""Cocamidopropyl Betaine"",
  ""Charcoal Powder"",
  ""Sodium Fluoride""
]
"
Oral B Sensitivity & Gum All Day Protection Toothpaste | 90g,"[
  ""Water Purified"",
  ""Sorbitol"",
  ""Hydrated Silica"",
  ""Silicon Dioxide"",
  ""Sodium Lauryl Sulfate"",
  ""Sodium Gluconate"",
  ""Carrageenan"",
  ""Chondrus Crispus"",
  ""Flavor"",
  ""Xanthan Gum"",
  ""Cocamidopropyl Betaine"",
  ""Zinc Citrate"",
  ""Stannous Fluoride"",
  ""Sodium Hydroxide"",
  ""Stannous Chloride"",
  ""Sodium Saccharin"",
  ""Saccharin Sodium"",
  ""Sodium Fluoride"",
  ""Sucralose"",
  ""Ci 77891"",
  ""Titanium Dioxide""
]"
Hismile Toothpaste Mango Sorbet | 60g,"[
  ""Aqua Water"",
  ""Sorbitol"",
  ""Hydrated Silica"",
  ""Xylitol"",
  ""Glycerin"",
  ""Aroma Flavour"",
  ""Disodium Phosphate"",
  ""Sodium Lauroyl Sarcosinate"",
  ""Calcium Glycerophosphate"",
  ""Cellulose Gum"",
  ""Xanthan Gum"",
  ""Tetrapotassium Pyrophosphate"",
  ""Benzyl Alcohol"",
  ""Caprylyl Glycol"",
  ""Sucralose"",
  ""Menthol"",
  ""Sodium Fluoride"",
  ""Sodium Gluconate"",
  ""Pentylene Glycol"",
  ""Zinc Lactate"",
  ""Methyl Diisopropyl Propionamide"",
  ""Benzoic Acid""
]"
Oral B Gum Care & Breath Purify Toothpaste | 110g,"[
  ""Glycerin"",
  ""Hydrated Silica"",
  ""Sodium Hexametaphosphate"",
  ""Peg"",
  ""Propylene Glycol"",
  ""Water"",
  ""Zinc Lactate"",
  ""Flavor"",
  ""Trisodium Phosphate"",
  ""Sodium Gluconate"",
  ""Sodium Lauryl Sulfate"",
  ""Stannous Fluoride"",
  ""Sodium Saccharin"",
  ""Stannous Chloride"",
  ""Pvp"",
  ""Xanthan Gum"",
  ""Carrageenan"",
  ""Sodium Fluoride"",
  ""Ci 74160"",
  ""Ci 42090""
]"
Jack N' Jill Toothpaste Natural Strawberry | 50g,"[
  ""Xylitol"",
  ""Aqua Purified Water"",
  ""Glycerin Coconut Derived"",
  ""Silica"",
  ""Aroma Strawberry Flavour"",
  ""Xanthan Gum"",
  ""Calendula Officinalis Extract"",
  ""Potassium Sorbate"",
  ""Citric Acid"",
  ""Benzyl Alcohol""
]"
Coles Kids Toothpaste Strawberry | 98g,"[
  ""Sorbitol"",
  ""Aqua"",
  ""Hydrated Silica"",
  ""Peg"",
  ""Sodium Lauryl Sulfate"",
  ""Cellulose Gum"",
  ""Aroma"",
  ""Sodium Fluoride"",
  ""Sodium Saccharin"",
  ""Trisodium Phosphate"",
  ""Ci 73360""
]"
Hismile V34 Colour Corrector Serum | 30mL,"[
  ""Glycerin"",
  ""Aqua Water"",
  ""Sorbitol"",
  ""Hydrated Silica"",
  ""Xylitol"",
  ""Polysorbate 80"",
  ""Cellulose Gum"",
  ""Mentha Piperita Peppermint Oil"",
  ""Phenoxyethanol"",
  ""Sucralose"",
  ""Tetrasodium Pyrophosphate"",
  ""Ci 17200"",
  ""Dc Red No 33"",
  ""Ci 42090"",
  ""Fdc Blue No 1"",
  ""Ethylhexylglycerin""
]"
Colgate 2 in 1 Liquid Gel Whitening Toothpaste & Mouthwash | 130g,"[
  ""Water"",
  ""Hydrated Silica"",
  ""Sorbitol"",
  ""Glycerin"",
  ""Sodium Lauryl Sulfate"",
  ""Flavour"",
  ""Tetrasodium Pyrophosphate"",
  ""Sodium Saccharin"",
  ""Cocamidopropyl Betaine"",
  ""Cellulose Gum"",
  ""Sodium Fluoride"",
  ""Xanthan Gum"",
  ""Ci 42090""
]"
Colgate Advanced Whitening Toothpaste and Tartar Control Pump | 130g,"[
  ""Aqua"",
  ""Hydrated Silica"",
  ""Sorbitol"",
  ""Glycerin"",
  ""Pentasodium"",
  ""Triphosphate"",
  ""Sodium Lauryl Sulfate"",
  ""Aroma"",
  ""Pvm Ma Copolymer"",
  ""Tetrasodium Pyrophosphate"",
  ""Cellulose Gum"",
  ""Sodium Hydroxide"",
  ""Sodium Saccharin"",
  ""Carrageenan"",
  ""Sodium Fluoride"",
  ""Limonene"",
  ""Ci 77891"",
  ""Fluoride""
]"
Hismile Whitening Toothpaste | 100g,"[
  ""Glycerin"",
  ""Hydrated Silica"",
  ""Propanediol"",
  ""Aqua Water"",
  ""Xylitol"",
  ""Tetrasodium Pyrophosphate"",
  ""Sodium Hexametaphosphate"",
  ""Pentasodium Triphosphate"",
  ""Hydroxyapatite"",
  ""Disodium Phosphate"",
  ""Pvp"",
  ""Flavour Aroma"",
  ""Cellulose Gum"",
  ""Calcium Glycerophosphate"",
  ""Sodium Methyl Taurate"",
  ""Sodium Lauroyl Sarcosinate"",
  ""Lauryl Glucoside"",
  ""Hexanediol"",
  ""Sucralose"",
  ""Sodium Gluconate"",
  ""Methyl Diisopropyl Propionamide"",
  ""Theobromine"",
  ""Magnolia Officinalis Bark Extract"",
  ""Titanium Dioxide"",
  ""Ci 77891"",
  ""Anethole"",
  ""Carvone"",
  ""Menthol"",
  ""Mentha Piperita Oil""
]"
Hismile V34 Whitening Toothpaste | 100g,"[
  ""Aqua Water"",
  ""Sorbitol"",
  ""Hydrated Silica"",
  ""Glycerin"",
  ""Xylitol"",
  ""Sodium Methyl"",
  ""Cocoyl Taurate"",
  ""Cellulose Gum"",
  ""Flavour Aroma"",
  ""Disodium Phosphate"",
  ""Lauryl Glucoside"",
  ""Tetrasodium Pyrophosphate"",
  ""Calcium Glycerophosphate"",
  ""Sucralose"",
  ""Hexanediol"",
  ""Methyl Diisopropyl Propionamide"",
  ""Zinc Lactate"",
  ""Magnolia Officinalis Bark Extract"",
  ""Theobromine"",
  ""Titanium Dioxide"",
  ""Ci 77891"",
  ""Dc Red No 33"",
  ""Ci 17200"",
  ""Mica"",
  ""Ci 77019"",
  ""Fdc Blue No 1"",
  ""Ci 42090"",
  ""Anethole"",
  ""Carvone"",
  ""Menthol"",
  ""Mentha Piperita Oil""
]"
Hismile Toothpaste Strawberry | 60g,"[
  ""Aqua Water"",
  ""Sorbitol"",
  ""Hydrated Silica"",
  ""Xylitol"",
  ""Glycerin"",
  ""Disodium Phosphate"",
  ""Flavour Aroma"",
  ""Sodium Lauroyl Sarcosinate"",
  ""Xanthan Gum"",
  ""Cellulose Gum"",
  ""Tetrapotassium Pyrophosphate"",
  ""Caprylyl Glycol"",
  ""Pentylene Glycol"",
  ""Benzyl Alcohol"",
  ""Sucralose"",
  ""Sodium Fluoride"",
  ""Methyl Diisopropyl Propionamide"",
  ""Sodium Gluconate"",
  ""Zinc Lactate"",
  ""Benzoic Acid"",
  ""Dc Red No 33"",
  ""Ci 17200""
]"
Hismile Gummy Bear Toothpaste | 60g,"[
  ""Aqua Water"",
  ""Sorbitol"",
  ""Glycerin"",
  ""Hydrated Silica"",
  ""Xylitol"",
  ""Sodium Phosphate"",
  ""Flavour Aroma"",
  ""Xanthan Gum"",
  ""Sodium Lauroyl Sarcosinate"",
  ""Cellulose Gum"",
  ""Sucralose"",
  ""Tetrapotassium Pyrophosphate"",
  ""Pentylene Glycol"",
  ""Lauryl Glucoside"",
  ""Sodium Fluoride"",
  ""Methyl Diisopropyl Propionamide"",
  ""Sodium Gluconate"",
  ""Zinc Lactate"",
  ""Dc Red No 33"",
  ""Ci 17200"",
  ""Anethole"",
  ""Benzyl Alcohol"",
  ""Carvone"",
  ""Citrus Aurantium Peel Oil"",
  ""Citrus Limon Peel Oil"",
  ""Limonene"",
  ""Mentha Viridis Leaf Oil"",
  ""Menthol""
]"
Hismile Toothpaste Blue Raspberry | 60g,"[
  ""Aqua Water"",
  ""Sorbitol"",
  ""Glycerin"",
  ""Hydrated Silica"",
  ""Xylitol"",
  ""Flavour Aroma"",
  ""Sodium Lauroyl Sarcosinate"",
  ""Sodium Phosphate"",
  ""Xanthan Gum"",
  ""Cellulose Gum"",
  ""Sucralose"",
  ""Tetrapotassium Pyrophosphate"",
  ""Pentylene Glycol"",
  ""Lauryl Glucoside"",
  ""Sodium Fluoride"",
  ""Methyl Diisopropyl Propionamide"",
  ""Sodium Gluconate"",
  ""Zinc Lactate"",
  ""Fdc Blue No 1"",
  ""Ci 42090"",
  ""Alpha Terpinene"",
  ""Limonene""
]"
Hismile Mint Choc Toothpaste | 60g,"[
  ""Aqua Water"",
  ""Sorbitol"",
  ""Glycerin"",
  ""Hydrated Silica"",
  ""Xylitol"",
  ""Sodium Phosphate"",
  ""Xanthan Gum"",
  ""Cellulose Gum"",
  ""Sucralose"",
  ""Sodium Lauroyl Sarcosinate"",
  ""Tetrapotassium Pyrophosphate"",
  ""Flavour Aroma"",
  ""Lauryl Glucoside"",
  ""Sodium Fluoride"",
  ""Sodium Gluconate"",
  ""Pentylene Glycol"",
  ""Mentha Piperita Peppermint Oil"",
  ""Zinc Lactate"",
  ""Methyl Diisopropyl Propionamide"",
  ""Iron Oxides"",
  ""Ci 77491"",
  ""Ci 77499""
]"
Hismile Toothpaste Grape Bubblegum | 60g,"[
  ""Aqua Water"",
  ""Sorbitol"",
  ""Hydrated Silica"",
  ""Xylitol"",
  ""Glycerin"",
  ""Disodium Phosphate"",
  ""Flavour Aroma"",
  ""Sodium Lauroyl Sarcosinate"",
  ""Xanthan Gum"",
  ""Cellulose Gum"",
  ""Tetrapotassium Pyrophosphate"",
  ""Caprylyl Glycol"",
  ""Pentylene Glycol"",
  ""Benzyl Alcohol"",
  ""Sucralose"",
  ""Sodium Fluoride"",
  ""Methyl Diisopropyl Propionamide"",
  ""Sodium Gluconate"",
  ""Zinc Lactate"",
  ""Benzoic Acid"",
  ""Fdc Red No 40"",
  ""Ci 16035"",
  ""Fdc Blue No 1"",
  ""Ci 42090""
]"
Hismile Ice Pop Toothpaste | 60g,"[
  ""Aqua Water"",
  ""Sorbitol"",
  ""Glycerin"",
  ""Hydrated Silica"",
  ""Xylitol"",
  ""Flavour Aroma"",
  ""Sodium Phosphate"",
  ""Xanthan Gum"",
  ""Cellulose Gum"",
  ""Sodium Lauroyl Sarcosinate"",
  ""Tetrapotassium Pyrophosphate"",
  ""Pentylene Glycol"",
  ""Sucralose"",
  ""Lauryl Glucoside"",
  ""Sodium Fluoride"",
  ""Methyl Diisopropyl Propionamide"",
  ""Sodium Gluconate"",
  ""Zinc Lactate"",
  ""Fdc Blue No 1"",
  ""Ci 42090""
]"
Hismile Toothpaste Wonka Chocolates | 60g,"[
  ""Aqua Water"",
  ""Sorbitol"",
  ""Hydrated Silica"",
  ""Glycerin"",
  ""Xylitol"",
  ""Disodium Phosphate"",
  ""Sodium Lauroyl Sarcosinate"",
  ""Xanthan Gum"",
  ""Cellulose Gum"",
  ""Sucralose"",
  ""Tetrapotassium Pyrophosphate"",
  ""Caprylyl Glycol"",
  ""Flavour Aroma"",
  ""Benzyl Alcohol"",
  ""Sodium Fluoride"",
  ""Sodium Gluconate"",
  ""Pentylene Glycol"",
  ""Zinc Lactate"",
  ""Methyl Diisopropyl Propionamide"",
  ""Benzoic Acid"",
  ""Iron Oxides"",
  ""Ci 77491"",
  ""Ci 77499""
]"
Colgate Total Sensitivity Gum Original Toothpaste | 115 GRAM,"[
  ""Glycerol"",
  ""Silicon Dioxide"",
  ""Purified Water"",
  ""Sodium Lauryl Sulfate"",
  ""Arginine"",
  ""Flavour"",
  ""Zinc Oxide"",
  ""Titanium Dioxide"",
  ""Cellulose Gum"",
  ""Poloxamer"",
  ""Tetrasodium Pyrophosphate"",
  ""Zinc Citrate Trihydrate"",
  ""Benzyl Alcohol"",
  ""Cocamidopropyl Betaine"",
  ""Sodium Fluoride"",
  ""Xanthan Gum"",
  ""Saccharin Sodium"",
  ""Phosphoric Acid"",
  ""Sucralose""
]
"
Gc Tooth Mousse Mint | 40g,"[
  ""Pure Water"",
  ""Glycerol"",
  ""Cpp Acp"",
  ""D Sorbitol"",
  ""Cmc Na"",
  ""Propylene Glycol"",
  ""Silicon Dioxide"",
  ""Titanium Dioxide"",
  ""Xylitol"",
  ""Phosphoric Acid"",
  ""Flavoring"",
  ""Zinc Oxide"",
  ""Guar Gum"",
  ""Propyl P Hydroxybenzoate"",
  ""Butyl P Hydroxybenzoate""
]
"
White Glo Plus Professional Results Kit | 1 each,"[
  ""Propylene Glycol"",
  ""Glycerin"",
  ""Carbamide Peroxide"",
  ""Carbomer"",
  ""Triethanolamine"",
  ""Phthalimidoperoxycaproic Acid"",
  ""PAP"",
  ""Mentha Piperita Peppermint Oil"",
  ""Bromelain"",
  ""Papain""
]
"
Lux & Bones Dental Toothpaste | 100mL,"[
  ""Sorbitol"",
  ""Water"",
  ""Hydrated Silica"",
  ""Glycerin"",
  ""Honey Extract"",
  ""Polysorbate 20"",
  ""Chrysanthemum Morifolium Ramat Extract"",
  ""Xanthan Gum"",
  ""Sodium Bicarbonate"",
  ""Mint Extract"",
  ""Dipotassium Glycyrrhizinate""
]"
V Original Energy Drink 4x250mL | 4 pack,"[
  ""Carbonated Water"",
  ""Sugar"",
  ""Acidity Regulators"",
  ""Citric Acid"",
  ""Sodium Citrate"",
  ""Taurine"",
  ""Guarana Extract"",
  ""Caffeine"",
  ""Glucuronolactone"",
  ""Colour"",
  ""Caramel IV"",
  ""Flavours"",
  ""Inositol"",
  ""Vitamins"",
  ""Niacin"",
  ""Vitamin B3"",
  ""Vitamin B6"",
  ""Pantothenic Acid"",
  ""Vitamin B5"",
  ""Riboflavin"",
  ""Vitamin B2"",
  ""Vitamin B12""
]"
Monster Energy Ultra Violet Can | 500mL,"[
  ""Carbonated Water"",
  ""Acidity Regulators"",
  ""Citric Acid"",
  ""Sodium Citrate"",
  ""Sweeteners"",
  ""Erythritol"",
  ""Sucralose"",
  ""Acesulphame Potassium"",
  ""Taurine"",
  ""Flavours"",
  ""Panax Ginseng Root Extract"",
  ""Preservatives"",
  ""Sorbic Acid"",
  ""Benzoic Acid"",
  ""Caffeine"",
  ""Vitamins"",
  ""Niacin"",
  ""Vitamin B3"",
  ""Vitamin B5"",
  ""Vitamin B6"",
  ""Vitamin B12"",
  ""Stabiliser"",
  ""Glycerolester Of Wood Rosin"",
  ""Inositol"",
  ""Guarana Seed Extract"",
  ""D Glucuronolactone"",
  ""Colours"",
  ""Allura Red Ac"",
  ""Brilliant Blue Fcf""
]"
Monster Energy Ultra Can | 500mL,"[
  ""Carbonated Water"",
  ""Acidity Regulators"",
  ""Citric Acid"",
  ""Sodium Citrate"",
  ""Sweeteners"",
  ""Erythritol"",
  ""Sucralose"",
  ""Acesulfame Potassium"",
  ""Taurine"",
  ""Natural Flavours"",
  ""Artificial Flavours"",
  ""Panax Ginseng Root Extract"",
  ""Preservatives"",
  ""Sorbic Acid"",
  ""Benzoic Acid"",
  ""Caffeine"",
  ""Vitamins"",
  ""Niacin"",
  ""Vitamin B3"",
  ""Vitamin B5"",
  ""Vitamin B6"",
  ""Vitamin B12"",
  ""D Glucuronolactone"",
  ""Guarana Seed Extract"",
  ""Inositol""
]"
Monster Ultra Rosa Multipack Cans 4 x 500mL | 4 pack,"[
  ""Carbonated Water"",
  ""Acidity Regulators"",
  ""Citric Acid"",
  ""Sodium Citrate"",
  ""Sweeteners"",
  ""Erythritol"",
  ""Sucralose"",
  ""Acesulphame Potassium"",
  ""Taurine"",
  ""Natural Flavours"",
  ""Panax Ginseng Root Extract"",
  ""Preservatives"",
  ""Sorbic Acid"",
  ""Benzoic Acid"",
  ""Caffeine"",
  ""Vitamins"",
  ""Niacin"",
  ""Vitamin B3"",
  ""Vitamin B5"",
  ""Vitamin B6"",
  ""Vitamin B12"",
  ""Natural Colour"",
  ""Vegetable Juice"",
  ""D Glucuronolactone"",
  ""Guarana Seed Extract"",
  ""Inositol""
]"
Monster Energy Mango Loco Can | 500mL,"[
  ""Carbonated Water"",
  ""Sucrose"",
  ""Glucose"",
  ""Mango Puree"",
  ""Acidity Regulators"",
  ""Citric Acid"",
  ""Sodium Citrate"",
  ""Potassium Citrate"",
  ""Apple Juice Concentrate"",
  ""Taurine"",
  ""Flavours"",
  ""Orange Juice Concentrate"",
  ""Panax Ginseng Extract"",
  ""Preservatives"",
  ""Potassium Sorbate"",
  ""Sodium Benzoate"",
  ""Caffeine"",
  ""Sweetener"",
  ""Sucralose"",
  ""Vitamins"",
  ""Niacin"",
  ""Vitamin B3"",
  ""Vitamin B6"",
  ""Riboflavin"",
  ""Vitamin B2"",
  ""Vitamin B12"",
  ""Maltodextrin"",
  ""Guava Juice Concentrate"",
  ""Inositol"",
  ""Natural Colours"",
  ""Carotene"",
  ""Grape Skin Extract"",
  ""Pineapple Juice Concentrate"",
  ""Passionfruit Juice Concentrate"",
  ""Coconut Oil"",
  ""Rapeseed Oil"",
  ""Modified Starch"",
  ""Starch Sodium Octenyl Succinate"",
  ""Salt"",
  ""Glucuronolactone"",
  ""Guarana Seed Extract""
]"
Monster Energy Ultra Peachy Keen Can | 500mL,"[
  ""Carbonated Water"",
  ""Acidity Regulators"",
  ""Citric Acid"",
  ""Sodium Citrate"",
  ""Taurine"",
  ""Flavours"",
  ""Resistant Dextrin"",
  ""Panax Ginseng Root Extract"",
  ""Preservatives"",
  ""Potassium Sorbate"",
  ""Sodium Benzoate"",
  ""Sweeteners"",
  ""Sucralose"",
  ""Acesulphame Potassium"",
  ""Caffeine"",
  ""Vitamins"",
  ""Niacin"",
  ""Vitamin B3"",
  ""Vitamin B5"",
  ""Vitamin B6"",
  ""Vitamin B12"",
  ""Guarana Seed Extract"",
  ""Inositol"",
  ""Colours"",
  ""Tartrazine"",
  ""Sunset Yellow FCF"",
  ""Stabiliser"",
  ""Gum Arabic""
]"
Monster Energy Drink Zero Sugar Can | 500mL,"[
  ""Carbonated Water"",
  ""Acidity Regulators"",
  ""Citric Acid"",
  ""Sodium Citrate"",
  ""Sweeteners"",
  ""Erythritol"",
  ""Sucralose"",
  ""Acesulphame Potassium"",
  ""Flavours"",
  ""Taurine"",
  ""Panax Ginseng Root Extract"",
  ""Preservatives"",
  ""Sorbic Acid"",
  ""Benzoic Acid"",
  ""Caffeine"",
  ""Colour"",
  ""Anthocyanins"",
  ""Vitamins"",
  ""Niacin"",
  ""Vitamin B3"",
  ""Vitamin B6"",
  ""Riboflavin"",
  ""Vitamin B2"",
  ""Vitamin B12"",
  ""Salt"",
  ""Inositol"",
  ""D Glucuronolactone"",
  ""Guarana Seed Extract"",
  ""Maltodextrin""
]"
Monster Energy Mango Loco Multipack Cans 4 x 500mL | 4 Pack,"[
  ""Carbonated Water"",
  ""Sucrose"",
  ""Glucose"",
  ""Mango Puree"",
  ""Acidity Regulators"",
  ""Citric Acid"",
  ""Sodium Citrate"",
  ""Potassium Citrate"",
  ""Apple Juice Concentrate"",
  ""Taurine"",
  ""Flavours"",
  ""Orange Juice Concentrate"",
  ""Panax Ginseng Extract"",
  ""Preservatives"",
  ""Potassium Sorbate"",
  ""Sodium Benzoate"",
  ""Caffeine"",
  ""Sweetener"",
  ""Sucralose"",
  ""Vitamins"",
  ""Niacin"",
  ""Vitamin B3"",
  ""Vitamin B6"",
  ""Riboflavin"",
  ""Vitamin B2"",
  ""Vitamin B12"",
  ""Maltodextrin"",
  ""Guava Juice Concentrate"",
  ""Inositol"",
  ""Natural Colours"",
  ""Carotene"",
  ""Grape Skin Extract"",
  ""Pineapple Juice Concentrate"",
  ""Passionfruit Juice Concentrate"",
  ""Coconut Oil"",
  ""Rapeseed Oil"",
  ""Modified Starch"",
  ""Starch Sodium Octenyl Succinate"",
  ""Salt"",
  ""Glucuronolactone"",
  ""Guarana Seed Extract""
]"
Monster Energy Drink Ultra Strawberry Can | 500mL,"[
  ""Carbonated Water"",
  ""Acidity Regulators"",
  ""Citric Acid"",
  ""Sodium Citrate"",
  ""Sweeteners"",
  ""Erythritol"",
  ""Sucralose"",
  ""Acesulphame Potassium"",
  ""Taurine"",
  ""Flavours"",
  ""Panax Ginseng Root Extract"",
  ""Preservatives"",
  ""Potassium Sorbate"",
  ""Sodium Benzoate"",
  ""Caffeine"",
  ""Vitamins"",
  ""Niacin"",
  ""Vitamin B3"",
  ""Vitamin B5"",
  ""Vitamin B6"",
  ""Vitamin B12"",
  ""D Glucuronolactone"",
  ""Guarana Seed Extract"",
  ""Inositol"",
  ""Colours"",
  ""Allura Red AC"",
  ""Sunset Yellow FCF"",
  ""Brilliant Blue FCF""
]"
Red Bull Energy Drink 4X250mL | 4 pack,"[
  ""Carbonated Water"",
  ""Sucrose"",
  ""Glucose"",
  ""Acidity Regulator"",
  ""Citric Acid"",
  ""Sodium Bicarbonate"",
  ""Magnesium Carbonate"",
  ""Taurine"",
  ""Flavours"",
  ""Colours"",
  ""Caramel I"",
  ""Riboflavin"",
  ""Caffeine"",
  ""Vitamins"",
  ""Niacinamide"",
  ""Pantothenic Acid"",
  ""Vitamin B6"",
  ""Vitamin B12""
]"
Mother Original Multipack Cans 4x500mL | 4 pack,"[
  ""Carbonated Water"",
  ""Sucrose"",
  ""Acidity Regulators"",
  ""Citric Acid"",
  ""Sodium Citrate"",
  ""Taurine"",
  ""Colour"",
  ""Caramel Colour"",
  ""Preservative"",
  ""Potassium Sorbate"",
  ""Caffeine"",
  ""Flavour"",
  ""Vitamins"",
  ""Niacin"",
  ""Vitamin B3"",
  ""Pantothenic Acid"",
  ""Vitamin B5"",
  ""Vitamin B6"",
  ""Vitamin B12"",
  ""Guarana Extract""
]"
Red Bull Sugar Free Energy Drink 4X250mL | 4 pack,"[
  ""Carbonated Water"",
  ""Acidity Regulator"",
  ""Citric Acid"",
  ""Sodium Bicarbonate"",
  ""Magnesium Carbonate"",
  ""Taurine"",
  ""Flavours"",
  ""Colours"",
  ""Caramel I"",
  ""Riboflavin"",
  ""Caffeine"",
  ""Sweeteners"",
  ""Sucralose"",
  ""Acesulfame Potassium"",
  ""Thickener"",
  ""Xanthan Gum"",
  ""Vitamins"",
  ""Niacinamide"",
  ""Pantothenic Acid"",
  ""Vitamin B6"",
  ""Vitamin B12""
]"
Monster Energy Green Multipack Cans 4 x 500mL | 4 pack,"[
  ""Carbonated Water"",
  ""Sucrose"",
  ""Glucose"",
  ""Acidity Regulators"",
  ""Citric Acid"",
  ""Sodium Citrate"",
  ""Flavours"",
  ""Taurine"",
  ""Panax Ginseng Root Extract"",
  ""Preservatives"",
  ""Sorbic Acid"",
  ""Benzoic Acid"",
  ""Caffeine"",
  ""Natural Colours"",
  ""Anthocyanins"",
  ""Vitamins"",
  ""Niacin"",
  ""Vitamin B3"",
  ""Vitamin B6"",
  ""Riboflavin"",
  ""Vitamin B2"",
  ""Vitamin B12"",
  ""Sweetener"",
  ""Sucralose"",
  ""Salt"",
  ""D Glucoronolactone"",
  ""Inositol"",
  ""Guarana Seed Extract"",
  ""Maltodextrin""
]"
V Energy Drink Blue | 500mL,"[
  ""Carbonated Water"",
  ""Sugar"",
  ""Acidity Regulators"",
  ""Citric Acid"",
  ""Sodium Citrate"",
  ""Taurine"",
  ""Guarana Extract"",
  ""Flavours"",
  ""Preservatives"",
  ""Sodium Benzoate"",
  ""Potassium Sorbate"",
  ""Caffeine"",
  ""Glucuronolactone"",
  ""Colour"",
  ""Caramel IV"",
  ""Vitamins"",
  ""Niacin"",
  ""Vitamin B3"",
  ""Pantothenic Acid"",
  ""Vitamin B5"",
  ""Vitamin B6"",
  ""Riboflavin"",
  ""Vitamin B2"",
  ""Vitamin B12"",
  ""Antioxidant"",
  ""Ascorbic Acid""
]"
Mother Energy Drink Rainbow Sherbert | 500mL,"[
  ""Carbonated Water"",
  ""Sucrose"",
  ""Acidity Regulators"",
  ""Citric Acid"",
  ""Sodium Citrate"",
  ""Taurine"",
  ""Flavour"",
  ""Preservatives"",
  ""Potassium Sorbate"",
  ""Sodium Benzoate"",
  ""Caffeine"",
  ""Vitamins"",
  ""Niacin"",
  ""Vitamin B3"",
  ""Pantothenic Acid"",
  ""Vitamin B5"",
  ""Vitamin B6"",
  ""Vitamin B12"",
  ""Sucralose"",
  ""Inositol"",
  ""Colour"",
  ""Allura Red Ac""
]"
V Energy Refresh Drink Pineapple Watermelon 4x250mL | 4 pack,"[
  ""Carbonated Water"",
  ""Acidity Regulators"",
  ""Citric Acid"",
  ""Sodium Citrate"",
  ""Sweetener"",
  ""Erythritol"",
  ""Flavours"",
  ""Guarana Extract"",
  ""Preservatives"",
  ""Sodium Benzoate"",
  ""Potassium Sorbate"",
  ""Caffeine"",
  ""Colour"",
  ""Caramel IV"",
  ""Sweetener"",
  ""Sucralose"",
  ""Vitamins"",
  ""Niacin"",
  ""Vitamin B3"",
  ""Pantothenic Acid"",
  ""Vitamin B5"",
  ""Vitamin B6"",
  ""Riboflavin"",
  ""Vitamin B2"",
  ""Vitamin B12"",
  ""Antioxidant"",
  ""Ascorbic Acid""
]"
Monster Ultra Fiesta Mango Flavour Energy Drink Can | 500mL,"[
  ""Carbonated Water"",
  ""Acidity Regulators"",
  ""Citric Acid"",
  ""Sodium Citrate"",
  ""Sweeteners"",
  ""Erythritol"",
  ""Sucralose"",
  ""Acesulphame Potassium"",
  ""Taurine"",
  ""Flavour"",
  ""Panax Ginseng Root Extract"",
  ""Preservatives"",
  ""Sorbic Acid"",
  ""Benzoic Acid"",
  ""Caffeine"",
  ""Natural Colours"",
  ""Carotene"",
  ""Grape Skin Extract"",
  ""Vitamins"",
  ""Niacin"",
  ""Vitamin B3"",
  ""Vitamin B5"",
  ""Vitamin B6"",
  ""Vitamin B12"",
  ""D Glucuronolactone"",
  ""Guarana Seed Extract"",
  ""Inositol""
]"
V Sugar Free Energy Drink 4x250mL | 4 pack,"[
  ""Carbonated Water"",
  ""Acidity Regulators"",
  ""Citric Acid"",
  ""Sodium Citrate"",
  ""Taurine"",
  ""Guarana Extract"",
  ""Sweeteners"",
  ""Acesulfame Potassium"",
  ""Sucralose"",
  ""Caffeine"",
  ""Glucuronolactone"",
  ""Colour"",
  ""Caramel IV"",
  ""Flavours"",
  ""Inositol"",
  ""Vitamins"",
  ""Niacin"",
  ""Vitamin B3"",
  ""Vitamin B6"",
  ""Pantothenic Acid"",
  ""Vitamin B5"",
  ""Riboflavin"",
  ""Vitamin B2"",
  ""Vitamin B12"",
  ""Thickener"",
  ""Xanthan Gum""
]"
V Energy Drink Can Raspberry | 500mL,"[
  ""Carbonated Water"",
  ""Sugar"",
  ""Acidity Regulators"",
  ""Citric Acid"",
  ""Sodium Citrate"",
  ""Taurine"",
  ""Guarana Extract"",
  ""Flavours"",
  ""Preservatives"",
  ""Sodium Benzoate"",
  ""Potassium Sorbate"",
  ""Caffeine"",
  ""Glucuronolactone"",
  ""Colour"",
  ""Caramel IV"",
  ""Vitamins"",
  ""Niacin"",
  ""Vitamin B3"",
  ""Vitamin B6"",
  ""Pantothenic Acid"",
  ""Vitamin B5"",
  ""Riboflavin"",
  ""Vitamin B2"",
  ""Vitamin B12"",
  ""Antioxidant"",
  ""Ascorbic Acid""
]"
Mother Frosty Berry Multipack Cans 4 X 500mL | 4 pack,"[
  ""Carbonated Water"",
  ""Sucrose"",
  ""Acidity Regulators"",
  ""Citric Acid"",
  ""Sodium Citrate"",
  ""Taurine"",
  ""Preservative"",
  ""Potassium Sorbate"",
  ""Caffeine"",
  ""Berry Flavour"",
  ""Vitamins"",
  ""Niacin"",
  ""Vitamin B3"",
  ""Pantothenic Acid"",
  ""Vitamin B5"",
  ""Vitamin B6"",
  ""Vitamin B12"",
  ""Guarana Extract"",
  ""Colours"",
  ""Carmoisine"",
  ""Brilliant Blue""
]"
V Energy Drink Original | 500mL,"[
  ""Carbonated Water"",
  ""Sugar"",
  ""Acidity Regulators"",
  ""Citric Acid"",
  ""Sodium Citrate"",
  ""Taurine"",
  ""Guarana Extract"",
  ""Caffeine"",
  ""Glucuronolactone"",
  ""Colour"",
  ""Caramel IV"",
  ""Flavours"",
  ""Inositol"",
  ""Vitamins"",
  ""Niacin"",
  ""Vitamin B3"",
  ""Vitamin B6"",
  ""Pantothenic Acid"",
  ""Vitamin B5"",
  ""Riboflavin"",
  ""Vitamin B2"",
  ""Vitamin B12""
]"
Monster Energy Can Drink Ultra Gold | 500mL,"[
  ""Carbonated Water"",
  ""Acidity Regulators"",
  ""Citric Acid"",
  ""Sodium Citrate"",
  ""Sweeteners"",
  ""Erythritol"",
  ""Sucralose"",
  ""Acesulphame Potassium"",
  ""Taurine"",
  ""Flavour"",
  ""Panax Ginseng Root Extract"",
  ""Preservatives"",
  ""Potassium Sorbate"",
  ""Sodium Benzoate"",
  ""Caffeine"",
  ""Vitamins"",
  ""Niacin"",
  ""Vitamin B3"",
  ""Vitamin B5"",
  ""Vitamin B6"",
  ""Vitamin B12"",
  ""Salt"",
  ""D Glucuronolactone"",
  ""Guarana Seed Extract"",
  ""Inositol"",
  ""Colours"",
  ""Tartrazine"",
  ""Allura Red AC""
]"
Mother Sugar Free Multipack Cans 4 X 500mL | 500mL,"[
  ""Carbonated Water"",
  ""Acidity Regulators"",
  ""Citric Acid"",
  ""Sodium Citrate"",
  ""Taurine"",
  ""Flavour"",
  ""Caffeine"",
  ""Guarana Extract"",
  ""Sweeteners"",
  ""Acesulphame Potassium"",
  ""Sucralose"",
  ""Preservative"",
  ""Potassium Sorbate"",
  ""Colour"",
  ""Caramel IV"",
  ""Vitamins"",
  ""Niacin"",
  ""Vitamin B3"",
  ""Pantothenic Acid"",
  ""Vitamin B5"",
  ""Vitamin B6""
]"
Red Bull Energy Drink Zero 4x250mL | 4 pack,"[
  ""Carbonated Water"",
  ""Acidity Regulators"",
  ""Citric Acid"",
  ""Sodium Bicarbonate"",
  ""Magnesium Carbonate"",
  ""Taurine"",
  ""Flavours"",
  ""Colours"",
  ""Caramel I"",
  ""Riboflavin"",
  ""Sweeteners"",
  ""Acesulfame Potassium"",
  ""Sucralose"",
  ""Steviol Glycosides"",
  ""Caffeine"",
  ""Vitamins"",
  ""Niacinamide"",
  ""Pantothenic Acid"",
  ""Vitamin B6"",
  ""Vitamin B12"",
  ""Thickener"",
  ""Xanthan Gum""
]"
Mother Passionfruit 4X500mL | 4 pack,"[
  ""Carbonated Water"",
  ""Sucrose"",
  ""Acidity Regulators"",
  ""Citric Acid"",
  ""Sodium Citrate"",
  ""Taurine"",
  ""Flavour"",
  ""Preservatives"",
  ""Potassium Sorbate"",
  ""Sodium Benzoate"",
  ""Caffeine"",
  ""Stabilisers"",
  ""Gum Arabic"",
  ""Glycerol Esters Of Wood Rosins"",
  ""Vitamins"",
  ""Niacin"",
  ""Vitamin B3"",
  ""Pantothenic Acid"",
  ""Vitamin B5"",
  ""Vitamin B6"",
  ""Vitamin B12"",
  ""Inositol"",
  ""Colour"",
  ""Carotenes""
]"
Monster Energy Can Energy Drink Papillon | 500mL,"[
  ""Carbonated Water"",
  ""Sucrose"",
  ""Fruit Juice From Concentrate"",
  ""Apple Juice"",
  ""Peach Juice"",
  ""Pear Juice"",
  ""Pineapple Juice"",
  ""Mango Puree"",
  ""Banana Puree"",
  ""Glucose"",
  ""Acidity Regulators"",
  ""Citric Acid"",
  ""Sodium Citrate"",
  ""Taurine"",
  ""Flavours"",
  ""Panax Ginseng Extract"",
  ""Preservative"",
  ""Potassium Sorbate"",
  ""Caffeine"",
  ""Maltodextrin"",
  ""Vitamins"",
  ""Niacin"",
  ""Vitamin B3"",
  ""Vitamin B6"",
  ""Riboflavin"",
  ""Vitamin B2"",
  ""Vitamin B12"",
  ""Sweetener"",
  ""Sucralose"",
  ""Salt"",
  ""Inositol"",
  ""Guarana Seed Extract"",
  ""Colour"",
  ""Allura Red Ac""
]"
Red Bull Energy Drink | 330mL,"[
  ""Carbonated Water"",
  ""Sucrose"",
  ""Glucose"",
  ""Acidity Regulators"",
  ""Citric Acid"",
  ""Sodium Bicarbonate"",
  ""Magnesium Carbonate"",
  ""Taurine"",
  ""Flavours"",
  ""Colours"",
  ""Caramel I"",
  ""Riboflavin"",
  ""Caffeine"",
  ""Vitamins"",
  ""Niacinamide"",
  ""Pantothenic Acid"",
  ""Vitamin B6"",
  ""Vitamin B12""
]"
Red Bull Energy Drink Blueberry | 250ML,"[
  ""Carbonated Water"",
  ""Sucrose"",
  ""Glucose"",
  ""Acidity Regulators"",
  ""Citric Acid"",
  ""Sodium Bicarbonate"",
  ""Magnesium Carbonate"",
  ""Taurine"",
  ""Flavours"",
  ""Caffeine"",
  ""Colours"",
  ""Anthocyanin"",
  ""Brilliant Blue FCF"",
  ""Vitamins"",
  ""Niacinamide"",
  ""Pantothenic Acid"",
  ""Vitamin B6"",
  ""Vitamin B12""
]"
Red Bull Sugar Free Energy Drink | 330mL,"[
  ""Carbonated Water"",
  ""Acidity Regulators"",
  ""Citric Acid"",
  ""Sodium Bicarbonate"",
  ""Magnesium Carbonate"",
  ""Taurine"",
  ""Flavours"",
  ""Colours"",
  ""Caramel I"",
  ""Riboflavin"",
  ""Caffeine"",
  ""Sweeteners"",
  ""Sucralose"",
  ""Acesulphame Potassium"",
  ""Thickener"",
  ""Xanthan Gum"",
  ""Vitamins"",
  ""Niacinamide"",
  ""Pantothenic Acid"",
  ""Vitamin B6"",
  ""Vitamin B12""
]"
Mother Sugar Free Energy Drink Can | 500mL,"[
  ""Carbonated Water"",
  ""Acidity Regulators"",
  ""Citric Acid"",
  ""Sodium Citrate"",
  ""Taurine"",
  ""Flavour"",
  ""Caffeine"",
  ""Guarana Extract"",
  ""Sweeteners"",
  ""Acesulphame Potassium"",
  ""Sucralose"",
  ""Preservative"",
  ""Potassium Sorbate"",
  ""Colour"",
  ""Caramel IV"",
  ""Vitamins"",
  ""Niacin"",
  ""Vitamin B3"",
  ""Pantothenic Acid"",
  ""Vitamin B5"",
  ""Vitamin B6""
]"
Mother Energy Drink Orange Dreamsicle Can | 500mL,"[
  ""Carbonated Water"",
  ""Sucrose"",
  ""Acidity Regulators"",
  ""Citric Acid"",
  ""Sodium Citrate"",
  ""Taurine"",
  ""Flavour"",
  ""Preservatives"",
  ""Potassium Sorbate"",
  ""Sodium Benzoate"",
  ""Caffeine"",
  ""Vitamins"",
  ""Niacin"",
  ""Vitamin B3"",
  ""Pantothenic Acid"",
  ""Vitamin B5"",
  ""Vitamin B6"",
  ""Vitamin B12"",
  ""Inositol"",
  ""Colours"",
  ""Tartrazine"",
  ""Allura Red Ac""
]"
Remedy Shot Energy | 60mL,"[
  ""Raw Kombucha"",
  ""Pure Water"",
  ""Wild Kombucha Culture"",
  ""Organic Black Tea"",
  ""Organic Green Tea"",
  ""Plant Based Sweeteners"",
  ""Organic Erythritol"",
  ""Organic Steviol Glycosides"",
  ""Organic Hibiscus Tea"",
  ""Natural Raspberry"",
  ""Blackberry"",
  ""Strawberry"",
  ""Caramel Flavours"",
  ""Vanilla Extract"",
  ""Ginseng Extract"",
  ""Coffee Bean Extract""
]
"
Mother Energy Drink Lava Guava Can | 500mL,"[
  ""Carbonated Water"",
  ""Sucrose"",
  ""Acidity Regulators"",
  ""Citric Acid"",
  ""Sodium Citrate"",
  ""Taurine"",
  ""Flavour"",
  ""Preservatives"",
  ""Potassium Sorbate"",
  ""Sodium Benzoate"",
  ""Caffeine"",
  ""Vitamins"",
  ""Niacin"",
  ""Vitamin B3"",
  ""Pantothenic Acid"",
  ""Vitamin B5"",
  ""Vitamin B6"",
  ""Vitamin B12"",
  ""Inositol"",
  ""Colours"",
  ""Allura Red Ac"",
  ""Sunset Yellow Fcf""
]"
Red Bull Energy Drink Strawberry Apricot | 250mL,"[
  ""Carbonated Water"",
  ""Acidity Regulator"",
  ""Citric Acid"",
  ""Sodium Bicarbonate"",
  ""Magnesium Carbonate"",
  ""Taurine"",
  ""Flavours"",
  ""Colours"",
  ""Caramel I"",
  ""Riboflavin"",
  ""Sweeteners"",
  ""Sucralose"",
  ""Acesulfame Potassium"",
  ""Caffeine"",
  ""Thickener"",
  ""Xanthan Gum"",
  ""Vitamins"",
  ""Niacinamide"",
  ""Pantothenic Acid"",
  ""Vitamin B6"",
  ""Vitamin B12""
]"
Mother Energy Drink Rainbow Sherbet Multipack Cans 4x500ml | 4 pack,"[
  ""Carbonated Water"",
  ""Sucrose"",
  ""Acidity Regulators"",
  ""Citric Acid"",
  ""Sodium Citrate"",
  ""Taurine"",
  ""Flavour"",
  ""Preservatives"",
  ""Potassium Sorbate"",
  ""Sodium Benzoate"",
  ""Caffeine"",
  ""Vitamins"",
  ""Niacin"",
  ""Vitamin B3"",
  ""Pantothenic Acid"",
  ""Vitamin B5"",
  ""Vitamin B6"",
  ""Vitamin B12"",
  ""Sucralose"",
  ""Inositol"",
  ""Colour"",
  ""Allura Red Ac""
]"
Rockstar Energy Drink Guava Can | 500mL,"[
  ""Carbonated Water"",
  ""Sugar"",
  ""Food Acids 330"",
  ""Food Acids 331"",
  ""Taurine"",
  ""Flavours"",
  ""Preservatives 202"",
  ""Preservatives 211"",
  ""Caffeine"",
  ""Vitamins"",
  ""Niacin"",
  ""Pantothenic Acid"",
  ""Vitamin B6"",
  ""Vitamin B12"",
  ""Inositol"",
  ""Panax Ginseng Root Extract"",
  ""Guarana Paullinia Cupana Seed Extract"",
  ""Colours 129"",
  ""Colours 110""
]"
Red Bull Watermelon | 250mL,"[
  ""Carbonated Water"",
  ""Sucrose"",
  ""Glucose"",
  ""Acidity Regulators"",
  ""Citric Acid"",
  ""Sodium Citrate"",
  ""Taurine"",
  ""Caffeine"",
  ""Colours"",
  ""Anthocyanins"",
  ""Riboflavin"",
  ""Vitamins"",
  ""Niacinamide"",
  ""Pantothenic Acid"",
  ""Vitamin B6"",
  ""Vitamin B12"",
  ""Flavours""
]"
Red Bull Sugar Free. Energy Drink Coconut | 250 ML,"[
  ""Carbonated Water"",
  ""Acidity Regulator"",
  ""Citric Acid"",
  ""Sodium Bicarbonate"",
  ""Magnesium Carbonate"",
  ""Taurine"",
  ""Flavours"",
  ""Colours"",
  ""Caramel I"",
  ""Riboflavin"",
  ""Sweeteners"",
  ""Sucralose"",
  ""Acesulfame Potassium"",
  ""Caffeine"",
  ""Thickener"",
  ""Xanthan Gum"",
  ""Vitamins"",
  ""Niacinamide"",
  ""Pantothenic Acid"",
  ""Vitamin B6"",
  ""Vitamin B12""
]"
Musashi Energy Drink Lemonade | 500mL,"[
  ""Carbonated Water"",
  ""Citrulline Malate"",
  ""Acidity Regulators"",
  ""Citric Acid"",
  ""Sodium Citrate"",
  ""Beta Alanine"",
  ""Branched Chain Amino Acids"",
  ""L Leucine"",
  ""L Isoleucine"",
  ""L Valine"",
  ""Emulsifier"",
  ""Soy Lecithin"",
  ""Flavours"",
  ""Sweetener"",
  ""Sucralose"",
  ""N Acetyl L Tyrosine"",
  ""Caffeine"",
  ""Preservative"",
  ""Sodium Benzoate"",
  ""Vitamins"",
  ""Vitamin B3"",
  ""Vitamin B6"",
  ""Vitamin B12""
]"
Musashi Energy Drink Green Apple | 500mL,"[
  ""Carbonated Water"",
  ""Citrulline Malate"",
  ""Acidity Regulators"",
  ""Citric Acid"",
  ""Sodium Citrate"",
  ""Beta Alanine"",
  ""Branched Chain Amino Acids"",
  ""L Leucine"",
  ""L Isoleucine"",
  ""L Valine"",
  ""Emulsifier"",
  ""Soy Lecithin"",
  ""Flavours"",
  ""Sweetener"",
  ""Sucralose"",
  ""N Acetyl L Tyrosine"",
  ""Caffeine"",
  ""Preservative"",
  ""Sodium Benzoate"",
  ""Vitamins"",
  ""Vitamin B3"",
  ""Vitamin B6"",
  ""Vitamin B12""
]"
Musashi Energy Drink Blue Raspberry | 500mL,"[
  ""Carbonated Water"",
  ""Citrulline Malate"",
  ""Flavours"",
  ""Acidity Regulators"",
  ""Citric Acid"",
  ""Sodium Citrate"",
  ""Beta Alanine"",
  ""Branched Chain Amino Acids"",
  ""L Leucine"",
  ""L Isoleucine"",
  ""L Valine"",
  ""Emulsifier"",
  ""Soy Lecithin"",
  ""N Acetyl L Tyrosine"",
  ""Sweetener"",
  ""Sucralose"",
  ""Caffeine"",
  ""Preservative"",
  ""Sodium Benzoate"",
  ""Vitamins"",
  ""Vitamin B3"",
  ""Vitamin B6"",
  ""Vitamin B12""
]"
Musashi Energy Drink Purple Grape | 500mL,"[
  ""Carbonated Water"",
  ""Citrulline Malate"",
  ""Beta Alanine"",
  ""Acidity Regulators"",
  ""Citric Acid"",
  ""Sodium Citrate"",
  ""Flavours"",
  ""Branched Chain Amino Acids"",
  ""L Leucine"",
  ""L Isoleucine"",
  ""L Valine"",
  ""Emulsifier"",
  ""Soy Lecithin"",
  ""N Acetyl L Tyrosine"",
  ""Sweetener"",
  ""Sucralose"",
  ""Caffeine"",
  ""Preservative"",
  ""Sodium Benzoate"",
  ""Vitamins"",
  ""Vitamin B3"",
  ""Vitamin B6"",
  ""Vitamin B12""
]"
Youfoodz Youjuice Guava Pineapple Energy | 350mL,"[
  ""Apple Juice"",
  ""Pineapple Juice"",
  ""Filtered Water"",
  ""Guava Puree Concentrate"",
  ""Energy Mix"",
  ""Taurine"",
  ""Glucuronolactone"",
  ""Caffeine"",
  ""Inositol"",
  ""Guarana"",
  ""Niacin"",
  ""Pantothenic Acid"",
  ""Vitamin B6"",
  ""Vitamin B12"",
  ""Vitamin C"",
  ""Natural Colour"",
  ""Colour 120"",
  ""Natural Flavour""
]"
Boost Energy Lift Juice Chilled | 1L,"[
  ""Cloudy Pear Juice"",
  ""Reconstituted Apple Juice"",
  ""Apple Puree"",
  ""Orange Juice"",
  ""Mango Puree"",
  ""Pineapple Juice"",
  ""Acidity Regulator 330"",
  ""Vitamin C"",
  ""Beta Carotene 160A""
]"
Powerade Sports Drink Zero Grape | 600mL,"[
  ""Water"",
  ""Food Acids 330"",
  ""Food Acids 331"",
  ""Minerals Calcium Lactate"",
  ""Minerals Magnesium Sulphate"",
  ""Potassium Chloride"",
  ""Flavour"",
  ""Sodium Chloride"",
  ""Sweeteners 955"",
  ""Sweeteners 950"",
  ""Antioxidant 300"",
  ""Colours 104"",
  ""Colours 133""
]"
Powerade Sports Drink Value Blackcurrant | 1.5L,"[
  ""Water"",
  ""Sucrose"",
  ""Minerals Potassium Citrate"",
  ""Minerals Magnesium Sulphate"",
  ""Minerals Calcium Chloride"",
  ""Minerals Sodium Citrate"",
  ""Minerals Sodium Chloride"",
  ""Minerals Potassium Phosphate"",
  ""Food Acid 330"",
  ""Flavour"",
  ""Colours 122"",
  ""Colours 133""
]"
Powerade Berry Ice Sports Drink Sipper Cap | 600mL,"[
  ""Water"",
  ""Sucrose"",
  ""Minerals Potassium Citrate"",
  ""Minerals Magnesium Sulphate"",
  ""Minerals Calcium Chloride"",
  ""Minerals Sodium Citrate"",
  ""Minerals Sodium Chloride"",
  ""Minerals Potassium Phosphate"",
  ""Food Acid 330"",
  ""Flavour"",
  ""Colour 129"",
  ""Sweetener 955""
]"
Powerade Gold Rush Sports Drink | 1 LITRE,"[
  ""Water"",
  ""Sucrose"",
  ""Minerals Potassium Citrate"",
  ""Minerals Magnesium Sulphate"",
  ""Minerals Calcium Chloride"",
  ""Minerals Sodium Citrate"",
  ""Minerals Sodium Chloride"",
  ""Minerals Potassium Phosphate"",
  ""Food Acid 330"",
  ""Flavour"",
  ""Colours 104"",
  ""Colours 110""
]"
Powerade ION4 Lemon Lime Sports Drink Sipper Cap | 600mL,"[
  ""Water"",
  ""Sucrose"",
  ""Minerals Potassium Citrate"",
  ""Minerals Magnesium Sulphate"",
  ""Minerals Calcium Chloride"",
  ""Minerals Sodium Citrate"",
  ""Minerals Sodium Chloride"",
  ""Minerals Potassium Phosphate"",
  ""Food Acid 330"",
  ""Flavour"",
  ""Colour 102""
]"
Gatorade Sport Drink Berry No Sugar | 600mL,"[
  ""Water"",
  ""Food Acids 330"",
  ""Food Acids 331"",
  ""Sodium Chloride"",
  ""Natural Flavour"",
  ""Monopotassium Phosphate"",
  ""Sweeteners 955"",
  ""Sweeteners 950"",
  ""Modified Starch 1450"",
  ""Colour 129""
]"
Gatorade Sport Drink Glacefreeze No Sugar | 600mL,"[
  ""Water"",
  ""Food Acids 330"",
  ""Food Acids 331"",
  ""Sodium Chloride"",
  ""Monopotassium Phosphate"",
  ""Modified Starch 1450"",
  ""Sweeteners 955"",
  ""Sweeteners 950"",
  ""Flavour"",
  ""Colour 133""
]"
Gatorade Sports Drink Fierce Grape | 600mL,"[
  ""Water"",
  ""Sucrose"",
  ""Glucose"",
  ""Food Acids 330"",
  ""Food Acids 331"",
  ""Flavour"",
  ""Monopotassium Phosphate"",
  ""Sodium Chloride"",
  ""Colours 133"",
  ""Colours 129""
]"
Gatorade Sports Drink Tropical Fruit | 600mL,"[
  ""Water"",
  ""Sucrose"",
  ""Glucose"",
  ""Food Acids 330"",
  ""Food Acids 331"",
  ""Sodium Chloride"",
  ""Monopotassium Phosphate"",
  ""Flavour"",
  ""Colour 129""
]"
